0160074-Sr1,4.991499900817871,-0.20593690872192383
0142004-O24,3.5529000759124756,-0.5936543941497803
0142004-O10,2.9809999465942383,-0.5847898721694946
0142004-Fe10,7.347300052642822,-0.5159746408462524
0126839-Sr1,9.178000450134277,-1.603453516960144
0115470-O2,3.6714000701904297,-1.3224974870681763
0170357-Co2,3.3008999824523926,-0.7080253958702087
0185027-O35,3.339200019836426,-2.090799570083618
0182299-O2,5.415500164031982,-2.809300661087036
0146578-O1,3.160599946975708,-2.6304123401641846
0134600-Ba1,3.6898000240325928,-1.5826159715652466
0290102-O1,5.3317999839782715,-1.8703221082687378
0153176-Fe3,6.119800090789795,-0.5450732707977295
0185027-O46,3.7286999225616455,-1.8948529958724976
0290130-O1,5.128600120544434,-2.5975780487060547
0185027-Ba28,6.426700115203857,-1.522416591644287
0289949-Ce1,15.872300148010254,-2.766355514526367
0117270-Mn4,4.86899995803833,-0.8453149199485779
0177189-Y1,10.524499893188477,-2.9735169410705566
0169441-O4,2.774899959564209,-1.7554775476455688
0194723-Ti1,9.917699813842773,-2.3351523876190186
0162339-Sr2,7.330999851226807,-0.4236178398132324
0108190-Ba1,6.7758002281188965,-1.6865031719207764
0108446-O1,6.603899955749512,-3.1981728076934814
0153176-O22,3.654099941253662,-0.566551923751831
0290125-O3,4.331299781799316,-1.8017566204071045
0009594-O1,5.69189977645874,-2.1654391288757324
0185027-O56,3.422600030899048,-2.0506367683410645
0116531-O18,3.3608999252319336,-0.5875945091247559
0146652-O2,2.2070999145507812,-2.621037006378174
0136261-O1,2.753700017929077,-0.6306276321411133
0115344-Fe1,4.6834001541137695,0.8270803689956665
0163417-O3,2.275899887084961,-0.6214109659194946
0011562-Fe2,5.556399822235107,-0.691336452960968
0107855-O1,6.640399932861328,-3.3905344009399414
0174238-La1,11.17870044708252,-1.5663118362426758
0159759-Sr1,8.780799865722656,-1.658429741859436
0170164-Co1,5.053999900817871,-0.7499946355819702
0171017-O10,1.1009999513626099,-1.4927889108657837
0116531-O2,3.5308001041412354,-0.9146775603294373
0188731-Fe1,7.19950008392334,-0.11431324481964111
0117270-O7,2.3331000804901123,-0.7631789445877075
0147283-Sr4,9.101400375366211,-1.5663187503814697
0109668-Y1,14.553899765014648,-2.814141273498535
0111085-La2,13.19890022277832,-2.7468557357788086
0109092-O9,5.792900085449219,-3.441237211227417
0111982-Y1,13.205400466918945,-2.952025890350342
0108143-O5,6.09630012512207,-2.862030029296875
0188787-Fe1,5.165599822998047,1.0658618211746216
0185027-O1,2.941800117492676,-2.744020462036133
0146652-O4,2.463099956512451,-1.7096545696258545
0116531-O14,3.138000011444092,-1.014505386352539
0147283-O12,3.171799898147583,-2.3974521160125732
0111542-La1,13.261099815368652,-1.5701649188995361
0162642-Fe2,6.494999885559082,0.12816691398620605
0159759-O2,1.6842000484466553,-1.7937766313552856
0177189-O2,4.303800106048584,-2.5611720085144043
0167571-O9,3.0299999713897705,-0.5997256636619568
0195961-Nb4,17.215099334716797,-0.18938982486724854
0149894-O5,4.710999965667725,-0.6346579194068909
0185027-O38,3.2723000049591064,-2.063605308532715
0116531-O7,3.5174999237060547,-0.5858588814735413
0111567-O7,6.000400066375732,-3.1978907585144043
0161406-Fe1,5.594200134277344,1.051836371421814
0185027-Fe11,4.043799877166748,0.33800482749938965
0117270-O11,1.2961000204086304,-2.344331741333008
0289663-O2,6.097300052642822,-2.9855189323425293
0167571-O15,3.5327000617980957,-0.5908432006835938
0167571-Fe17,5.849800109863281,-0.6174654960632324
0194723-Mn1,4.5690999031066895,-0.9673821330070496
0185107-O4,1.5741000175476074,-1.5659514665603638
0161406-O2,1.8585000038146973,-2.0641777515411377
0193122-Mn3,5.648099899291992,-1.0105385780334473
0012370-Mn1,3.0841000080108643,-0.7355801463127136
0125667-O1,2.74429988861084,-0.5897361636161804
0185408-O1,0.6037999987602234,-1.7400747537612915
0110156-In1,8.483699798583984,-1.7972321510314941
0110733-O2,4.646900177001953,-2.702939987182617
0144307-O2,5.797599792480469,-1.8058552742004395
0147238-Mn1,3.7414000034332275,-1.0041645765304565
0011764-Ti1,15.234800338745117,-2.7179698944091797
0195961-O7,4.702000141143799,-1.957437515258789
0167571-Fe13,5.871300220489502,-0.6325490474700928
0108143-Ba2,9.513899803161621,-1.9286400079727173
0174252-La2,12.405400276184082,-2.6933679580688477
0142004-O26,3.4277000427246094,-0.5940164923667908
0111567-O2,5.710000038146973,-3.2590088844299316
0185027-O47,3.467099905014038,-1.8022176027297974
0111542-La2,13.394100189208984,-1.569903016090393
0125741-Mn1,9.962300300598145,-0.46895432472229004
0289885-La1,14.877099990844727,-3.0909290313720703
0179730-O6,4.169000148773193,-2.5896129608154297
0126437-O1,5.712600231170654,-2.322326183319092
0107702-Ca1,10.768699645996094,-1.9635074138641357
0136293-Co1,4.999499797821045,-0.09942162036895752
0107855-Al3,12.723099708557129,-2.711216449737549
0290005-Mg1,9.379599571228027,-1.549332618713379
0174252-La1,11.767000198364258,-1.6916062831878662
0151582-O3,6.333799839019775,-2.5822527408599854
0193122-O3,2.8798999786376953,-0.5793426036834717
0010375-O2,5.40369987487793,-2.971665859222412
0109092-Al2,12.43589973449707,-2.5025575160980225
0116531-O11,3.7632999420166016,-0.5859584212303162
0174238-O1,4.3780999183654785,-1.809723973274231
0179730-O4,4.054900169372559,-2.460949420928955
0116531-O17,3.4570999145507812,-0.5883828997612
0167571-O1,3.173799991607666,-0.5438886880874634
0188731-O1,3.329699993133545,0.024898648262023926
0117270-O10,2.3703999519348145,-0.6485112905502319
0009944-In2,7.2399001121521,-3.0736966133117676
0185027-Fe20,3.9944000244140625,0.024845480918884277
0289952-Mg1,6.223899841308594,-0.3268861770629883
0163417-La1,13.055399894714355,-3.783628463745117
0109092-O2,6.187600135803223,-3.0181241035461426
0170164-Mn2,7.577899932861328,-0.7184497714042664
0107702-Al2,12.958100318908691,-2.643850326538086
0113386-O1,4.66540002822876,-0.2989300489425659
0289663-Ti1,14.398200035095215,-0.18199849128723145
0185027-O14,3.174499988555908,-2.1900405883789062
0011562-O1,3.704400062561035,0.27518415451049805
0289796-O11,5.901299953460693,-2.84134578704834
0151582-O1,5.859099864959717,-1.843881607055664
0112334-O3,5.878600120544434,-3.486985921859741
0179730-O7,3.3577001094818115,-2.830751419067383
0185027-Ba27,6.643899917602539,-1.5236932039260864
0289796-O3,5.837600231170654,-2.6760056018829346
0153176-Fe1,4.996399879455566,-0.5184342861175537
0142004-O3,3.2139999866485596,-0.5776269435882568
0153176-O21,3.654099941253662,-0.5599019527435303
0117270-Mn1,3.8536999225616455,-0.8155049681663513
0185027-Fe17,3.8526999950408936,0.04050719738006592
0116531-Fe12,5.978499889373779,-0.18224453926086426
0142004-Fe6,5.691999912261963,-0.6662194132804871
0162339-O13,3.171299934387207,-0.6149002909660339
0011911-Fe2,6.439700126647949,-0.48193180561065674
0147238-Mn2,3.560499906539917,-1.801906943321228
0290243-Nb1,16.375099182128906,0.5317028760910034
0194560-O3,5.661900043487549,-1.8013060092926025
0012072-Ni1,4.703199863433838,-0.6453307867050171
0144940-O4,4.078800201416016,-2.1410887241363525
0141559-Fe1,3.4144999980926514,-0.4695085287094116
0156399-Co1,2.4177000522613525,0.39057934284210205
0011911-Fe1,6.450399875640869,-0.6881272196769714
0107269-Al2,13.07919979095459,-2.4897217750549316
0290243-Sr4,10.246299743652344,-2.339486598968506
0126839-O1,2.683300018310547,-1.8223503828048706
0135701-O3,3.0088999271392822,-2.476046562194824
0126437-Mg2,8.82979965209961,-2.9500765800476074
0110156-O5,4.720300197601318,-1.803336501121521
0290198-O2,5.490300178527832,-2.543919086456299
0194723-O1,5.6107001304626465,-2.1022708415985107
0289614-Ce1,15.813799858093262,-3.1939215660095215
0110289-O3,3.544100046157837,-2.8373947143554688
0009540-Al1,12.368800163269043,-3.1149895191192627
0185027-Fe27,4.193399906158447,0.5591808557510376
0182299-Nb1,16.04669952392578,0.19715940952301025
0169441-Ba2,7.645699977874756,-1.566310167312622
0107855-Al1,13.036399841308594,-2.6163742542266846
0117270-Mn3,4.717400074005127,-0.7582888603210449
0144940-O2,4.179699897766113,-2.2717037200927734
0120257-O4,4.973999977111816,-2.080526351928711
0194281-O1,1.8798999786376953,-2.7439661026000977
0185027-O67,2.9131999015808105,-2.6405670642852783
0107702-O1,6.242599964141846,-2.6546711921691895
0174238-O2,4.3815999031066895,-2.355613946914673
0107702-Al1,13.354000091552734,-2.501997470855713
0109458-Ba1,9.952099800109863,-2.124335289001465
0290102-O2,4.787600040435791,-1.838417410850525
0110289-O2,3.067500114440918,-1.8626201152801514
0167571-Fe20,6.1269001960754395,-0.5928625464439392
0171017-O12,1.1119999885559082,-1.5515210628509521
0107269-Ca2,10.067500114440918,-1.9503196477890015
0111508-O2,6.53439998626709,-3.524427890777588
0011580-Fe1,5.171000003814697,-0.6232906579971313
0167571-O16,3.418800115585327,-0.5850576162338257
0289876-Mn1,4.276100158691406,0.4445987939834595
0289618-Ba1,9.2391996383667,-1.7701612710952759
0289885-O2,5.883999824523926,-2.6334030628204346
0009499-O2,5.51039981842041,-1.5662661790847778
0182355-Ba1,5.198699951171875,-1.008927822113037
0107269-O12,6.281700134277344,-3.0357513427734375
0142004-O15,3.5123000144958496,-0.5839501619338989
0117270-O6,0.2849999964237213,-1.946936011314392
0109092-Y3,13.983099937438965,-2.7037549018859863
0289838-Ce1,17.138200759887695,-3.1320910453796387
0171017-Co4,4.816999912261963,0.9830700159072876
0185107-Ba2,8.350500106811523,-1.5663108825683594
icsd427481-La1,12.284799575805664,-1.5663739442825317
icsd427482-O4,6.563499927520752,-4.07307767868042
0111567-O8,5.946599960327148,-3.28587007522583
0185027-O23,3.275399923324585,-2.2115249633789062
0142004-O19,3.643199920654297,-0.5848737955093384
0113386-O6,5.950399875640869,-2.557976484298706
0108143-Ba1,9.513400077819824,-2.145601272583008
0107269-O2,6.184999942779541,-2.8231377601623535
0107855-O9,6.376500129699707,-3.345818519592285
0116531-O16,3.2769999504089355,-1.0084855556488037
0185027-O36,3.211400032043457,-1.968529462814331
0112334-Y1,14.234299659729004,-2.4730615615844727
0108427-Al2,13.00629997253418,-2.668562173843384
0147283-Sr6,8.338600158691406,-1.5663120746612549
0167571-Fe4,5.670899868011475,-0.503868579864502
0108933-O3,6.237199783325195,-2.937948226928711
0193429-Sr1,9.214900016784668,-1.4507951736450195
0135701-Mn1,8.645099639892578,0.42204082012176514
0185027-Fe4,3.7936999797821045,0.4630230665206909
0009921-Co1,4.846799850463867,-0.004366874694824219
0108927-Y1,12.538299560546875,-2.583630084991455
0191339-O1,3.310800075531006,-0.580447793006897
0146578-Mn2,8.80270004272461,0.3709707260131836
0108321-O1,5.8592000007629395,-2.451542854309082
0185205-O4,0.9750000238418579,-1.4944108724594116
0185027-Ba25,6.651500225067139,-1.5251233577728271
0289796-Ca2,10.413299560546875,-1.9064700603485107
0155087-Ca1,6.693900108337402,-1.5636138916015625
0107855-Ca1,9.118499755859375,-2.4551377296447754
0179730-Sr1,6.954100131988525,-1.566298484802246
0109684-O1,3.607800006866455,-2.928272008895874
icsd16404-Co1,2.2058000564575195,0.5047277212142944
0182299-Sr2,8.54170036315918,-1.5913149118423462
0124785-O2,4.7779998779296875,-2.633871555328369
0120257-Co2,2.161099910736084,0.45335209369659424
0171017-O13,0.9632999897003174,-1.5586384534835815
0142004-O28,3.173799991607666,-0.5960777997970581
0170357-Nb1,10.99269962310791,-2.964846134185791
0115470-O4,3.0332999229431152,-1.0336397886276245
0170164-O2,3.2941999435424805,-0.6292044520378113
0117270-O4,1.5667999982833862,-0.5902864933013916
0142004-Fe17,5.678800106048584,-0.6019198894500732
0011580-O1,3.734499931335449,-0.35882318019866943
0108143-Al2,13.13379955291748,-2.4740259647369385
0133995-Nb1,16.643999099731445,0.08196127414703369
0185027-Fe24,4.447299957275391,0.31866884231567383
0125741-O4,2.7197000980377197,-0.5881226658821106
0153176-O13,3.1672000885009766,-0.5869271159172058
0112334-O4,6.124599933624268,-3.1355385780334473
0111567-La2,13.267200469970703,-2.689540386199951
0108446-Y1,14.14229965209961,-2.7188379764556885
0167571-Fe9,6.654099941253662,-0.5906743407249451
0143911-O1,6.06879997253418,-2.655747175216675
0109668-O3,3.939300060272217,-2.6360790729522705
0108699-Ti1,14.44909954071045,-3.3900890350341797
0185027-Fe22,4.638700008392334,0.3208804130554199
0107269-Al4,13.188300132751465,-2.585145950317383
0141559-O2,5.414000034332275,-2.078185558319092
0009499-O1,6.246600151062012,-1.565638780593872
0289796-O2,5.49370002746582,-2.253695487976074
0195961-O5,4.326900005340576,-2.0503640174865723
0142004-O13,3.3887999057769775,-0.5882424712181091
0009491-Co1,5.377900123596191,-0.22065949440002441
0107269-O10,6.320899963378906,-2.9998936653137207
0185027-O27,3.151400089263916,-2.3743486404418945
0174252-O1,5.285399913787842,-3.296696424484253
0147283-O7,3.7455999851226807,-2.696732997894287
0108699-O2,5.21120023727417,-2.5085573196411133
0125667-Mn1,9.965800285339355,-0.4775322675704956
0170164-O3,2.1772000789642334,-0.5920774340629578
0147283-Sr1,8.540599822998047,-1.566266655921936
0116531-Fe8,5.7434000968933105,-0.6287810802459717
0110854-O1,6.263400077819824,-3.7441000938415527
0289796-O6,5.833600044250488,-2.671449661254883
0149894-O3,4.469699859619141,0.22299063205718994
0136334-O6,2.81469988822937,-1.5873470306396484
0167571-Ba2,8.60949993133545,-1.4858194589614868
0111316-O3,4.263500213623047,-2.8833272457122803
0153176-O6,3.0917000770568848,-0.6052214503288269
0111508-Y1,13.477700233459473,-1.3835610151290894
0160074-O1,4.916299819946289,-2.61527681350708
0011911-O2,3.7720000743865967,-0.06344997882843018
0185205-O1,2.6054000854492188,-1.7965168952941895
0149539-Ni1,4.418399810791016,-0.006438016891479492
0185027-O17,2.9763998985290527,-2.5948643684387207
0111316-Sr1,8.34749984741211,-2.2313249111175537
0185027-Ba8,6.438499927520752,-1.5302727222442627
0159759-O1,1.0297000408172607,-2.64640474319458
0185027-Ba6,6.855100154876709,-1.530379295349121
0011233-O1,4.173600196838379,-0.6238991618156433
0170164-Mn1,7.384200096130371,-0.713249683380127
0009859-In1,6.389900207519531,-1.882122278213501
0290243-Nb2,12.958999633789062,0.4511340856552124
0112334-Y2,13.909500122070312,-2.6063475608825684
0135701-Ba2,8.714200019836426,-1.5663328170776367
0108689-Y1,10.899999618530273,-3.252152919769287
0289774-O1,5.706099987030029,-2.9283411502838135
0289874-Al1,12.553199768066406,-1.5976685285568237
0115344-Fe3,6.045899868011475,1.3413962125778198
0185027-O21,2.928800106048584,-2.6351494789123535
0185107-O1,1.4104000329971313,-1.7093768119812012
0109668-O2,4.424200057983398,-2.9399170875549316
0136293-O5,2.8475000858306885,0.08109259605407715
0174252-O3,4.911399841308594,-2.602174758911133
0179730-O1,3.7441000938415527,-2.861110210418701
0167571-O7,3.140000104904175,-0.5799598693847656
0193429-O1,1.773900032043457,-2.7635676860809326
0108927-O1,6.56879997253418,-3.4025888442993164
0195961-O10,5.087200164794922,-2.2000203132629395
0136334-O9,2.4419000148773193,-1.5660605430603027
0162339-O8,3.652899980545044,-2.690121650695801
0010528-O1,4.343400001525879,0.13550162315368652
0108190-Ba2,6.747200012207031,-1.714403748512268
icsd16404-O2,5.960599899291992,-2.435030937194824
0107855-O5,6.542799949645996,-3.3466665744781494
0107847-Al1,11.253000259399414,-3.195815086364746
0009491-O1,6.2195000648498535,-1.6138745546340942
0290243-O6,5.69320011138916,-2.6068100929260254
0108143-O3,6.184899806976318,-3.0645601749420166
0142004-Fe8,6.011499881744385,-0.6265811920166016
0011908-Ni1,2.5927999019622803,-0.6873748898506165
0169397-O1,2.6203999519348145,-0.28509557247161865
0169397-Co1,3.933000087738037,1.4498802423477173
0182355-O1,4.544899940490723,-1.8114761114120483
0012011-O1,2.7039999961853027,0.1397010087966919
0185107-O3,1.6998000144958496,-1.5609652996063232
0153176-O9,3.131200075149536,-0.5992545485496521
0179730-Sr4,6.17609977722168,-1.5662684440612793
0011752-Mn2,4.789899826049805,-1.8019461631774902
0144940-O3,2.516900062561035,-0.383266806602478
0185027-Fe19,4.069399833679199,0.041017770767211914
0185027-Fe25,4.222700119018555,0.5634080171585083
0116531-O13,3.1182000637054443,-0.9577171206474304
0136293-O2,2.8649001121520996,0.03800928592681885
0010576-Mn1,4.460400104522705,-1.7883687019348145
0188731-O3,3.964099884033203,-1.4260706901550293
0193359-La1,8.542499542236328,-1.566311001777649
0290243-O14,5.770899772644043,-2.6162056922912598
0110156-O1,4.472599983215332,-2.457171678543091
0136665-O3,2.409899950027466,-2.5341601371765137
0136293-O6,2.380000114440918,0.0395815372467041
0109684-Ba2,7.881199836730957,-2.8364129066467285
0110270-In2,6.905700206756592,-0.476778507232666
0145761-Ti1,7.825900077819824,-1.599721074104309
0116531-O22,3.396399974822998,-1.053778886795044
0010541-Sr1,8.60890007019043,-1.6575181484222412
0161406-Sr3,8.53849983215332,-1.8009322881698608
0009931-Mg1,9.588600158691406,-3.199174165725708
0110854-O2,6.053500175476074,-3.425283432006836
0289796-Ca1,9.34850025177002,-2.474022150039673
0167571-O18,3.4507999420166016,-0.588929295539856
0149894-Nb1,13.648200035095215,-3.2001700401306152
0290243-O3,5.52269983291626,-2.669409990310669
0110270-Sr1,7.86929988861084,-2.575373888015747
0136293-O4,3.196199893951416,0.09395980834960938
0136334-Co3,2.8148000240325928,0.8751708269119263
0153176-Ba1,8.435999870300293,-1.4869043827056885
0107855-O7,6.139900207519531,-2.7815158367156982
0108190-Y2,12.546899795532227,-2.9976630210876465
0012072-O1,2.8808000087738037,0.1523756980895996
0108446-Al1,13.795599937438965,-2.8867814540863037
0159759-Sr2,7.9096999168396,-0.6437079310417175
0009684-Fe1,0.9293000102043152,-1.4902749061584473
0011752-Ni1,3.5078001022338867,-0.6938251852989197
0142463-O1,1.98580002784729,-2.735714912414551
0115344-O1,0.5393000245094299,-1.1045724153518677
0167571-Fe16,5.026199817657471,-0.6152268052101135
0289934-O2,6.704899787902832,-4.093968868255615
0193122-La1,10.01259994506836,-1.5286692380905151
0289691-O2,5.747799873352051,-2.5611371994018555
0109458-Ti3,15.124899864196777,-1.8571497201919556
0109333-O3,5.8221001625061035,-2.562802314758301
0112334-O2,6.237100124359131,-3.4070968627929688
0185027-O3,3.4347000122070312,-2.2599241733551025
0107855-O8,6.114299774169922,-2.8308463096618652
0156399-O2,5.40310001373291,-2.0608885288238525
0170357-Co1,3.5994999408721924,-0.592759370803833
0155087-O3,3.933799982070923,-0.16458117961883545
0153176-Fe7,3.3331000804901123,-0.5984910130500793
0136334-O2,4.38040018081665,-1.811511516571045
0176178-O1,5.294899940490723,-2.0114552974700928
0289796-O10,5.429900169372559,-2.6675219535827637
0185027-Ba20,6.627600193023682,-0.23044109344482422
0170770-O1,5.36299991607666,-2.817440986633301
0126619-La1,9.942700386047363,-3.502833843231201
0184694-O1,3.289599895477295,-2.5031747817993164
0290080-Mg1,9.583200454711914,-1.502681851387024
0153176-O16,3.3278000354766846,-0.5893654823303223
0290198-Sr1,8.331000328063965,-1.5674903392791748
0108446-Al2,12.400500297546387,-2.8708910942077637
0009572-Mn1,6.025899887084961,-0.9239197373390198
0147283-Sr3,9.09630012512207,-1.5663158893585205
0185027-O26,3.0934998989105225,-2.236210346221924
0109458-O9,5.99370002746582,-2.470032215118408
0010731-Ti1,16.663000106811523,-1.5445210933685303
0115470-Fe2,6.692299842834473,-0.31144654750823975
0290243-Sr3,9.226400375366211,-1.5799646377563477
0107269-O9,6.126699924468994,-3.0126194953918457
0142004-Fe1,5.983500003814697,-0.5952827334403992
0118499-O2,2.254699945449829,-1.7456111907958984
0108927-O4,6.626200199127197,-3.6886959075927734
0185027-Ba9,6.537700176239014,-0.43797600269317627
0185027-O59,3.376300096511841,-1.7689708471298218
0117270-O3,1.5426000356674194,-0.5921551585197449
0116531-Ba1,7.8059000968933105,-0.8450913429260254
0153176-Fe13,5.03849983215332,-0.6047099828720093
0134600-Mn1,2.203200101852417,-1.0814133882522583
0167571-Fe14,6.356400012969971,-0.6001310348510742
0162339-Fe1,4.613100051879883,-0.5941795110702515
0162339-O5,3.5564000606536865,-1.786981225013733
0126619-O2,4.033999919891357,-2.7665810585021973
0171017-O9,1.7075999975204468,-1.5481547117233276
0010375-O1,5.336900234222412,-2.965365409851074
0147283-O11,2.0785999298095703,-2.6753299236297607
0153176-O7,3.117500066757202,-0.5961399674415588
0162339-O9,3.1013998985290527,-2.688227653503418
0185107-O5,1.733199954032898,-1.5657705068588257
0143474-O4,3.6740000247955322,-1.9470151662826538
0110289-O1,3.831899881362915,-2.9715023040771484
0195961-Nb3,16.18000030517578,0.04712545871734619
0107269-O7,6.265600204467773,-3.056352376937866
0185027-Fe9,4.1149001121521,0.3365042209625244
0185027-O10,2.888700008392334,-2.7100424766540527
0185027-O60,3.612799882888794,-1.738526701927185
0290130-Ce1,15.933699607849121,-3.2615966796875
0010079-Sr1,7.702199935913086,-0.18071651458740234
0289796-Nb1,16.483999252319336,0.48927032947540283
0159784-Fe1,2.340399980545044,-0.50794517993927
0108933-Sr2,9.826399803161621,-1.5788655281066895
0108321-Al1,12.586000442504883,-2.9513628482818604
0111479-Sr1,8.8725004196167,-1.8034634590148926
0108933-Al2,13.069199562072754,-2.6408445835113525
0112334-Ti1,15.099100112915039,-0.36434853076934814
0185027-O30,3.119800090789795,-2.3376338481903076
0011562-O2,3.6120998859405518,-0.6425161957740784
0109710-Ti1,14.899399757385254,-0.20388448238372803
0115470-Fe1,6.559599876403809,-0.08257579803466797
0146652-Mn2,8.590800285339355,0.3243159055709839
0010438-Mn1,4.521999835968018,-1.792493462562561
0009494-O1,6.811500072479248,-2.4908597469329834
0185027-O44,3.5204999446868896,-1.9371241331100464
0136665-Co1,4.5432000160217285,0.9469524621963501
0107269-Al1,12.711199760437012,-2.524688482284546
0161406-O1,1.760699987411499,-2.0733394622802734
0178128-O3,3.0485999584198,-0.35039305686950684
0136334-O10,2.4888999462127686,-1.5663747787475586
0142004-O16,3.507200002670288,-0.5825545787811279
0289691-Nb1,13.057600021362305,0.17624413967132568
0163417-O1,3.6029000282287598,-1.6002732515335083
0155205-Y1,11.420900344848633,-1.5664788484573364
0185492-O2,2.4691998958587646,-1.518444538116455
0142004-Fe19,5.734000205993652,-0.6010010242462158
0289952-O2,1.2091000080108643,-1.0603537559509277
0142004-Fe5,5.61870002746582,-0.6278290152549744
0147283-Sr5,8.274399757385254,-1.5663142204284668
0290198-Ce1,15.385199546813965,-3.3092403411865234
0111982-Y2,12.470600128173828,-2.916195869445801
0185027-Ba2,6.559299945831299,-1.7948226928710938
0009889-In1,9.10200023651123,-1.9556899070739746
0111542-O1,6.500699996948242,-4.082322597503662
0185027-Ba4,6.57450008392334,-1.7961294651031494
0143474-Sr1,7.392600059509277,-0.6775236129760742
0159544-O1,0.9340000152587891,-1.4275985956192017
icsd427482-O1,6.89139986038208,-3.997715473175049
0290243-O10,5.547100067138672,-2.6363682746887207
0142004-Fe13,5.800300121307373,-0.5991214513778687
0159759-O3,0.5224000215530396,-1.566326379776001
0146578-Sr1,8.796600341796875,-1.56944739818573
0112334-O1,6.583899974822998,-3.354032516479492
0289952-Ce1,12.576800346374512,-3.174635648727417
0176585-O2,4.811500072479248,-2.3853602409362793
0109092-Y2,15.041899681091309,-2.639711856842041
0185027-O16,2.907599925994873,-2.604583263397217
0009944-O1,3.605799913406372,-1.4284908771514893
0289832-O2,6.513500213623047,-3.0268516540527344
0185027-O48,3.5436999797821045,-1.8011422157287598
0171017-O14,1.1239999532699585,-1.5591672658920288
0153176-O1,3.081199884414673,-0.5980234742164612
0151582-O2,5.975900173187256,-2.0501058101654053
0143911-La1,13.65880012512207,-2.725740909576416
0194582-Mn1,5.242300033569336,-1.1552215814590454
0191339-Fe2,1.6302000284194946,-1.3006808757781982
0194582-O2,5.422900199890137,-2.1607506275177
0167571-O21,3.177799940109253,-0.5986008048057556
0185027-O5,3.423799991607666,-2.2173385620117188
0289876-O1,3.926500082015991,-2.719862222671509
0163417-O2,3.143399953842163,-2.50543475151062
0117270-O12,1.448199987411499,-2.3319807052612305
0182299-O1,5.703000068664551,-2.582885980606079
0290206-O1,5.510700225830078,-3.3619494438171387
0290130-O2,5.10890007019043,-1.8017988204956055
0151582-O4,5.603400230407715,-2.405827045440674
0289876-O2,3.8986001014709473,-2.5318470001220703
0107702-O4,6.7006001472473145,-2.965456008911133
0109092-O5,6.332200050354004,-3.3924293518066406
0290080-Ti1,15.479999542236328,-4.591259956359863
0117270-Mn2,3.747499942779541,-0.85154789686203
0010720-Ti1,14.322799682617188,-1.568280577659607
0143825-Ti1,12.863100051879883,-2.9824819564819336
0289774-O2,5.770699977874756,-2.9332473278045654
0125741-Mn2,9.866700172424316,-0.4839963912963867
0115344-Ba1,8.502300262451172,-1.8008803129196167
0108933-Al4,12.922300338745117,-2.632007360458374
0109092-Al1,12.562199592590332,-2.474888801574707
0184694-O2,3.250200033187866,-2.1168792247772217
0120257-O5,5.249599933624268,-1.9813066720962524
0126437-O2,6.276700019836426,-1.7598841190338135
0151582-Nb1,17.108600616455078,-0.03025674819946289
0009648-Co2,5.078499794006348,-0.4276789426803589
0185027-Ba23,6.63700008392334,-1.46577787399292
0290243-Nb4,13.908699989318848,0.4631842374801636
0147283-O2,3.1034998893737793,-2.747372627258301
0010528-Co1,3.438800096511841,-1.8019009828567505
0119208-O3,5.740600109100342,-1.8050649166107178
0142004-Fe20,5.8709001541137695,-0.6149951219558716
0136293-O12,0.3052000105381012,-1.4867916107177734
0185027-Fe21,4.519999980926514,0.32102346420288086
0117270-Ba1,7.465000152587891,-1.7683948278427124
0109684-O2,3.9611001014709473,-1.618752360343933
0142463-Sr1,7.496099948883057,-0.456048846244812
0009921-O1,4.052000045776367,-1.4713767766952515
0185027-O51,3.1538000106811523,-1.800024151802063
0185027-O11,3.3856000900268555,-2.2627363204956055
0109333-O4,6.007800102233887,-2.812525510787964
0111316-O2,4.48390007019043,-2.9704976081848145
0162339-Fe5,4.658100128173828,0.6629620790481567
0109458-O6,5.419600009918213,-2.5491740703582764
0290243-O12,5.595799922943115,-2.6653990745544434
0187243-O1,1.7236000299453735,0.05329930782318115
0155205-O2,2.5041000843048096,-1.5663278102874756
0118499-Co1,4.655399799346924,1.0082210302352905
0118499-Ca1,7.247099876403809,-0.5389361381530762
0185027-O24,3.0889999866485596,-2.2677674293518066
0146652-Sr2,8.83590030670166,-1.5682752132415771
0184694-Ba2,7.414400100708008,-1.5663189888000488
0143474-O2,3.694999933242798,-2.7123899459838867
0009889-O1,3.7274999618530273,-2.496034622192383
0124041-O2,4.124100208282471,-1.7321503162384033
0112334-O5,5.6579999923706055,-2.995631694793701
0110733-La1,12.887800216674805,-3.1906661987304688
0136293-O10,0.298799991607666,-1.4867993593215942
0109333-O2,5.448500156402588,-2.7762222290039062
0115344-Fe2,6.083499908447266,1.0060302019119263
0185027-Ba16,6.939300060272217,-0.6133630871772766
0010375-Ba1,8.772899627685547,-2.1522698402404785
0289796-Ca4,10.36929988861084,-2.171511650085449
0011233-Mg1,6.783599853515625,-3.544464588165283
0156399-O1,5.103899955749512,-2.275275945663452
0176178-Nb1,8.216400146484375,-0.0866694450378418
0155087-O1,4.313700199127197,-0.018226981163024902
0194582-O1,5.421899795532227,-2.2876527309417725
0153176-O25,3.6445999145507812,-0.567484974861145
0185165-Ba1,4.594699859619141,-1.5661976337432861
0153176-Fe4,4.046800136566162,-0.6310726404190063
0171017-Sr1,7.595200061798096,-0.4819103479385376
0124041-Sr2,5.462200164794922,-0.7315496802330017
0142004-O23,3.1789000034332275,-0.5937981009483337
0111567-O1,5.976200103759766,-2.9701151847839355
0194281-O2,2.646699905395508,-2.3639605045318604
0117270-O8,2.3141000270843506,-0.6498239040374756
0109710-O4,5.907800197601318,-3.006913900375366
0185027-O13,3.3173999786376953,-2.1635735034942627
0107855-O3,6.350200176239014,-3.1559829711914062
0009694-Fe1,6.001299858093262,-0.6054142117500305
0171017-Co2,5.203999996185303,0.8850206136703491
0142004-O12,3.1187000274658203,-0.5885801315307617
0185165-Ba2,4.464900016784668,-1.1432603597640991
0011908-O2,3.5487000942230225,-0.6304347515106201
0109458-O3,5.453999996185303,-2.5761032104492188
0142004-Fe12,6.51800012588501,-0.5094561576843262
0143474-Fe2,5.423699855804443,-0.01111912727355957
0167571-Fe5,5.749300003051758,-0.602426290512085
0174238-Fe1,5.801799774169922,1.0743449926376343
0142004-Fe16,5.53000020980835,-0.5943180918693542
0108933-O1,6.296800136566162,-3.207766056060791
0107702-O3,6.210700035095215,-2.9906930923461914
0119208-O1,6.025000095367432,-2.032132863998413
0109458-Ti5,14.970800399780273,-3.0099987983703613
0010541-Ti1,14.643099784851074,-0.006311297416687012
0290296-O1,6.573500156402588,-3.3513731956481934
0182299-Sr3,8.753199577331543,-1.6747621297836304
0146578-O2,2.564500093460083,-1.6854926347732544
0144940-O1,3.406899929046631,-1.9916514158248901
0159784-O3,5.249100208282471,-1.7871389389038086
0147283-Sr7,8.387399673461914,-1.5663124322891235
0136665-Sr1,6.684000015258789,-1.5553709268569946
0179730-Mn2,5.442399978637695,-0.3032885789871216
0125741-O1,2.0803000926971436,-0.5788254737854004
0162339-Sr3,7.13040018081665,-0.44602835178375244
0185027-O25,3.1349000930786133,-2.253392457962036
0151582-Al1,13.310799598693848,-3.285127878189087
0195961-Nb1,16.29159927368164,-0.3538084030151367
0116531-Fe6,6.042699813842773,-0.6778255701065063
0162642-O1,3.9579999446868896,-1.8499950170516968
0009808-O1,3.5343000888824463,-0.5547418594360352
0185027-Ba11,6.560699939727783,-0.4335402250289917
0289796-O4,5.992000102996826,-2.613943576812744
0111567-Ti3,15.129899978637695,0.19766652584075928
0111508-La1,12.154999732971191,-2.5333967208862305
0185107-Co1,5.677000045776367,1.2307790517807007
0115344-O5,1.0306999683380127,-2.353039026260376
0185027-Fe28,3.841599941253662,0.5603154897689819
0010389-O1,4.275100231170654,0.11857593059539795
0116531-Fe2,5.892099857330322,-0.5407456159591675
0146578-Mn1,8.408900260925293,0.32681405544281006
0144307-O3,5.892000198364258,-1.9305596351623535
0115344-O2,0.534600019454956,-0.9793344736099243
0185027-O64,3.3173999786376953,-2.405701160430908
0136334-La2,8.691100120544434,-1.566311001777649
0289796-O1,5.821700096130371,-2.4809842109680176
0145761-O2,5.467400074005127,-1.9834548234939575
0111567-O11,5.87060022354126,-3.8093857765197754
0153176-Fe5,4.019599914550781,-0.6725542545318604
0289663-Ba1,8.373200416564941,-2.5526163578033447
0185027-O20,2.8587000370025635,-2.6199488639831543
0009973-Mg1,8.73490047454834,-3.645054340362549
0171017-O3,2.8190999031066895,-1.566226840019226
0111085-La1,12.332200050354004,-2.8966732025146484
0111085-O2,5.7683000564575195,-2.920207977294922
0117270-Ba2,7.483399868011475,-1.7615331411361694
0113386-Al2,10.944499969482422,-3.391744613647461
0136293-O3,2.791300058364868,0.08426034450531006
0107855-Ca2,8.732399940490723,-2.611370325088501
0116531-Fe7,5.770199775695801,-0.6695128083229065
0109668-O4,3.766700029373169,-2.549539089202881
0115470-Ba1,9.028400421142578,-1.2738783359527588
0169441-Fe1,7.56879997253418,0.6592410802841187
0185027-Fe10,3.8032000064849854,0.1547309160232544
0185027-O7,3.017400026321411,-2.71998929977417
0289691-Ba3,9.074999809265137,-2.5312695503234863
0185027-O8,2.936800003051758,-2.706697463989258
0142004-O18,3.275399923324585,-0.5850145220756531
0290243-Nb3,16.665199279785156,0.5417393445968628
0185027-Ba5,6.470600128173828,-1.484209656715393
0115470-Ba2,8.55090045928955,-1.0742413997650146
0109668-Y2,14.413100242614746,-2.8221521377563477
0133995-O2,5.478400230407715,-2.126955509185791
0115344-Ba2,8.44480037689209,-1.8005820512771606
0111316-O4,4.34689998626709,-2.9985547065734863
0147283-O10,2.1314001083374023,-2.747394561767578
0108933-O7,6.248199939727783,-3.116307258605957
0290102-O3,5.80079984664917,-2.136051654815674
0143825-Fe1,9.67710018157959,-0.36285948753356934
0124785-Sr2,4.918900012969971,-0.3765038251876831
0176178-O3,5.70389986038208,-1.8271634578704834
0185027-O43,3.709700107574463,-1.8736944198608398
0107847-O3,6.698800086975098,-3.5992116928100586
0142004-O22,3.0088999271392822,-0.5946882367134094
0136261-Mn1,7.498899936676025,-0.7197605967521667
0163417-Mn2,8.270400047302246,-0.5328696966171265
0167571-O28,3.5553998947143555,-0.6061641573905945
0110270-O1,4.03879976272583,-3.0395846366882324
0290243-O13,5.684299945831299,-2.5910568237304688
0289934-La1,12.759900093078613,-1.5756093263626099
0143474-O3,3.7262001037597656,-2.299961566925049
0188731-O2,4.223800182342529,-1.4672434329986572
0185027-Ba22,6.620699882507324,-1.5034239292144775
0136334-Co2,2.5453999042510986,-0.019505977630615234
0142004-Fe9,6.60099983215332,-0.4777798652648926
0009494-Mg1,9.542799949645996,-0.5304354429244995
0108689-O1,3.576200008392334,-2.6329712867736816
0193122-Mn5,4.69189977645874,-0.4913599491119385
0147238-Nb1,9.755900382995605,0.14527320861816406
0107847-Ca1,8.25730037689209,-1.9161314964294434
0149539-O1,5.049099922180176,-1.546207070350647
0116531-O9,3.6579999923706055,-0.5861482620239258
0143911-O3,6.197999954223633,-3.6234588623046875
0110854-La2,13.874799728393555,-2.3092474937438965
0178128-Mn3,5.239799976348877,-1.8018989562988281
0009648-Co1,4.6458001136779785,-3.08939266204834
0178128-O1,2.7216999530792236,-0.5826985836029053
0136293-O7,2.4031999111175537,0.04663562774658203
0136334-La3,8.737000465393066,-1.5663152933120728
0109458-O2,5.561800003051758,-2.4550118446350098
0111567-O4,5.706200122833252,-3.131234884262085
0289691-Ba2,9.355199813842773,-1.5972915887832642
0136334-Co4,3.0009000301361084,0.639266848564148
0167571-O25,3.1846001148223877,-0.5977784395217896
0115344-O3,0.2815000116825104,-1.9797592163085938
0144307-Nb1,16.983299255371094,-0.3094022274017334
0155087-Co1,5.32450008392334,0.1290743350982666
0011752-O1,3.057499885559082,-0.6024577617645264
0179730-O5,4.239699840545654,-2.6095707416534424
0112035-O2,6.9369001388549805,-3.6234474182128906
0289949-La1,13.804800033569336,-2.6418490409851074
icsd427481-O2,6.458799839019775,-4.002849578857422
0146652-O1,2.6393001079559326,-2.6275672912597656
0145133-O1,3.1619999408721924,-2.8650622367858887
0110854-O5,5.999199867248535,-3.8051939010620117
0010021-O1,3.797300100326538,0.4332050085067749
0012299-O1,4.074100017547607,-0.5942328572273254
0011304-Mn1,5.494500160217285,-0.7799689173698425
0012299-Fe1,5.243500232696533,-0.6091008186340332
0191847-O1,3.3361001014709473,-0.5657627582550049
0185027-Ba10,6.642499923706055,-0.3986999988555908
0167571-Fe3,5.171599864959717,-0.5335168838500977
0185027-Fe26,3.979599952697754,0.5634161233901978
0142004-O17,3.236299991607666,-0.5828763246536255
0185027-O45,3.620699882507324,-1.9844048023223877
0108427-Al1,13.440099716186523,-2.583652973175049
0136334-La1,8.704299926757812,-1.566311001777649
0290206-O2,5.338399887084961,-3.1404261589050293
0185027-O31,3.706199884414673,-1.8015925884246826
0110156-O3,4.114500045776367,-2.8893632888793945
0116531-O12,3.5114998817443848,-0.5855452418327332
0108427-O1,6.160099983215332,-2.62705135345459
0143911-Nb1,16.803600311279297,0.5971947908401489
0289838-O1,3.5104000568389893,-2.70566987991333
0162339-Sr4,7.143099784851074,-0.3664177656173706
0124041-Fe1,2.8784000873565674,0.5524693727493286
0112035-Y1,13.112799644470215,-2.822305917739868
0153176-O17,3.351300001144409,-0.5929000377655029
0193122-O4,2.99780011177063,-0.5820882320404053
0153176-O2,3.09089994430542,-0.5986377596855164
0113386-O3,3.7558999061584473,-0.8493104577064514
0116531-O5,3.297100067138672,-0.5840954780578613
0185027-O49,3.4560000896453857,-1.802235722541809
0185027-O61,3.598900079727173,-1.7275413274765015
0159544-Sr1,8.569100379943848,-1.642655372619629
0009540-O1,6.994999885559082,-2.861044406890869
0136734-Co1,4.055099964141846,-0.2110896110534668
0290125-Nb1,16.51810073852539,-0.046768784523010254
0112035-O1,5.5218000411987305,-2.7315149307250977
0115470-O3,3.714400053024292,-1.0528030395507812
0153176-Fe8,4.322400093078613,-0.6026450991630554
0167571-Fe19,6.313000202178955,-0.6121047139167786
0116531-O21,3.5861001014709473,-0.9925075173377991
0147283-Mn2,9.350600242614746,0.396928071975708
0169661-Ba1,7.232999801635742,-1.5663104057312012
0289832-O1,6.423999786376953,-2.969613552093506
0147283-O13,3.0627999305725098,-2.401434898376465
0009572-Al1,9.310999870300293,-3.0882039070129395
0124785-O1,4.7266998291015625,-2.6299939155578613
0185205-Ba2,6.85830020904541,-2.146440029144287
0289796-Ca3,9.643699645996094,-2.405308485031128
0149894-Ni1,3.5936999320983887,-0.49693095684051514
0107269-O8,6.30679988861084,-3.0306527614593506
0170164-Co2,4.624599933624268,-0.7280430197715759
0108933-O8,6.2083001136779785,-3.10660982131958
0107855-Al2,12.908699989318848,-2.446625232696533
0185107-Ba3,8.396900177001953,-1.8015981912612915
0117717-Co1,2.194499969482422,0.28176772594451904
0185027-O70,2.726900100708008,-2.6376209259033203
0107855-O2,6.151100158691406,-3.1451945304870605
0195961-O8,4.657599925994873,-1.801201581954956
0115344-Ba3,8.244500160217285,-1.7998247146606445
0290243-Sr2,10.253600120544434,-1.9197533130645752
0185027-Ba19,6.638199806213379,-0.2343846559524536
0126437-Nb1,16.3302001953125,-1.6002469062805176
0010549-O1,4.926799774169922,-1.9583083391189575
0171017-Sr3,7.58650016784668,-0.43192195892333984
0185027-Ba7,6.597899913787842,-1.5389386415481567
0191847-Fe2,1.4641000032424927,-0.5984236598014832
0011908-O1,3.5390000343322754,-0.6384283304214478
0179580-O1,2.1893999576568604,-1.3809984922409058
0188731-Nb1,14.40820026397705,-3.568582534790039
0126839-Mn1,9.086400032043457,0.6392472982406616
0142004-O20,3.4179999828338623,-0.5806244611740112
0155087-Co2,4.7683000564575195,0.0974661111831665
0116531-Fe1,6.24459981918335,-0.36936259269714355
0290243-O11,5.811800003051758,-2.743651866912842
0133995-Ba1,9.732000350952148,-2.449860095977783
0109458-Ti4,14.394000053405762,-3.1932997703552246
0289663-O1,5.959000110626221,-3.07411527633667
0193359-O1,4.519000053405762,-0.6795573830604553
0009576-Al1,12.368800163269043,-3.114990234375
0109333-O5,5.5756001472473145,-2.754619836807251
0012370-Ba1,5.082399845123291,-1.088413953781128
0185027-O28,3.101799964904785,-2.3464975357055664
0119208-O2,5.189199924468994,-1.5655293464660645
0290062-Mg2,9.138699531555176,-1.5771942138671875
0179580-Y1,13.361700057983398,-2.875469207763672
0179580-Mn1,10.759900093078613,0.09167540073394775
0191339-Fe3,1.4359999895095825,-0.6011918187141418
0108143-O6,6.132500171661377,-3.119105577468872
0108427-O3,6.162499904632568,-2.837294101715088
0289691-Ba1,9.021100044250488,-1.5711454153060913
0162642-Fe1,7.8028998374938965,0.660770058631897
0142004-O7,3.315000057220459,-0.5840392112731934
0185027-Ba17,6.710000038146973,-0.2416849136352539
0290243-O2,5.472400188446045,-2.3040974140167236
0160074-Fe1,0.8126000165939331,-0.011210083961486816
0142004-O2,3.1421000957489014,-0.5865822434425354
0290005-Ti1,14.806400299072266,-4.682034492492676
0136293-Co3,5.17140007019043,-0.07846760749816895
0178128-Mn1,5.758699893951416,-0.3384697437286377
0142004-Fe15,5.168600082397461,-0.6023611426353455
0109668-O1,4.572400093078613,-3.0199801921844482
0109092-O7,6.169600009918213,-3.3342556953430176
0136734-Ti1,11.1983003616333,-3.909597396850586
0108927-O3,6.663599967956543,-3.577148914337158
0195961-Sr1,8.930800437927246,-2.756664276123047
0109092-O6,6.149199962615967,-3.342766761779785
0144307-Mg1,10.3503999710083,-0.3505948781967163
0111567-Ti4,14.998900413513184,-0.0690072774887085
0191339-O2,3.392199993133545,-0.562368631362915
0194560-Ni1,5.131400108337402,0.2515876293182373
0289729-O1,3.5518999099731445,-1.8240834474563599
0009921-In1,6.229100227355957,-2.2770819664001465
0011911-Mg1,8.754400253295898,-3.618290424346924
0290243-Sr1,9.219200134277344,-1.5796736478805542
0136293-Co2,5.052299976348877,-0.1834723949432373
0143825-O3,3.684000015258789,-0.9055320620536804
0162339-Fe4,4.174300193786621,-0.5918011665344238
0108427-O2,6.372600078582764,-3.012707233428955
0167571-Fe18,5.974400043487549,-0.5962279438972473
icsd427481-O3,6.620299816131592,-4.032421588897705
0185027-O66,3.259399890899658,-2.4069414138793945
0176178-O2,5.00629997253418,-1.594650149345398
0111567-La3,14.280900001525879,-2.8520588874816895
icsd427482-O3,6.682799816131592,-4.065678119659424
icsd427482-Ba1,2.375,-1.5542503595352173
0108143-Al3,13.254300117492676,-2.4209794998168945
0142004-Fe11,6.996699810028076,-0.48734617233276367
0009973-O1,6.888700008392334,-2.517472267150879
0116531-O1,3.365299940109253,-0.854188084602356
0136665-Co2,4.098800182342529,0.11720335483551025
0193429-Sr2,8.338299751281738,-1.545074224472046
0110270-O2,3.2737998962402344,-2.791987419128418
0161406-Fe2,5.8597002029418945,0.9076474905014038
0153176-O23,3.660399913787842,-0.5681843757629395
0153176-Fe16,5.287399768829346,-0.6062226891517639
0290125-O2,5.321899890899658,-2.1243910789489746
0012201-Fe1,5.564199924468994,-0.6049589514732361
0167571-Fe11,6.545499801635742,-0.5326097011566162
0117717-Ca1,5.091100215911865,-0.41257214546203613
0162339-Fe2,4.658899784088135,-0.5831379890441895
0009694-O1,4.225200176239014,-0.6693864464759827
0009684-O1,5.076300144195557,-0.5519670248031616
0144307-O1,5.558700084686279,-1.9874448776245117
0011562-Ni1,3.32669997215271,-1.3499921560287476
0147283-O3,3.106100082397461,-2.7790751457214355
0171017-O2,2.807300090789795,-1.5661680698394775
0107847-Al2,11.441499710083008,-2.63533878326416
0133995-O1,5.200300216674805,-2.1747536659240723
0011752-Mn1,6.118500232696533,-0.8096598982810974
0290062-Ti1,14.685700416564941,-4.683413982391357
0116531-Fe11,6.283400058746338,-0.15847492218017578
0147283-Sr2,8.578200340270996,-1.5662705898284912
0113386-Al1,11.223699569702148,-1.5663214921951294
0149539-Ti1,12.104299545288086,-3.2105748653411865
0110156-Ti1,15.61050033569336,-3.235560178756714
0162339-O1,3.3987998962402344,-1.8002915382385254
0193122-O2,3.1600000858306885,-0.5922991633415222
0289591-Al1,6.950900077819824,-3.04089617729187
0142004-O1,3.249300003051758,-0.5618104934692383
0159784-O1,5.436800003051758,-1.572571873664856
0146578-O4,2.2660000324249268,-2.6277928352355957
0156399-O3,5.202199935913086,-1.93294095993042
0116531-O6,3.4082999229431152,-0.584190845489502
0126437-Mg1,9.461999893188477,-1.75405752658844
0120257-La1,8.747300148010254,-1.566311001777649
0185027-O63,3.3508999347686768,-2.4024860858917236
0136334-La4,8.688199996948242,-2.9860634803771973
0108321-Ti1,15.128999710083008,-1.568620204925537
0153176-Fe2,6.365799903869629,-0.5923176407814026
0135701-O4,2.78629994392395,-2.5513737201690674
0011671-O1,2.085900068283081,-0.6967516541481018
0185027-O53,3.2867000102996826,-1.8004125356674194
0169661-O1,2.099900007247925,-1.8262031078338623
0110854-La1,13.354900360107422,-2.5860109329223633
0191847-Fe3,1.6089999675750732,-1.1196893453598022
0289862-O2,6.649499893188477,-4.165092945098877
0185027-Ba14,6.994200229644775,-0.608273983001709
0153176-O19,3.6933000087738037,-0.5875415205955505
0161406-O3,1.863800048828125,-1.7559404373168945
0153176-O12,3.198199987411499,-0.5899500250816345
0108933-O4,6.34689998626709,-3.173408269882202
icsd16404-La1,7.738500118255615,-1.566311001777649
0111479-O2,5.39300012588501,-3.028879165649414
0109770-O1,4.437399864196777,-2.717557907104492
0126839-O4,1.902500033378601,-1.4920178651809692
0120257-La2,8.273599624633789,-1.566311001777649
0109684-In1,6.941999912261963,-0.2783423662185669
0113386-O2,5.50570011138916,-1.418989896774292
0124785-Sr1,5.308300018310547,-0.20243990421295166
icsd427481-O1,6.525199890136719,-3.9777979850769043
0126839-O2,2.6972999572753906,-2.1020936965942383
0118499-O3,2.3538999557495117,-1.5846925973892212
icsd16404-O1,4.968500137329102,-2.023177146911621
0159759-Fe1,6.2052001953125,1.2053037881851196
0111479-Sr2,8.213000297546387,-1.7008864879608154
0153176-O5,3.115000009536743,-0.6067094802856445
0113386-O5,3.3083999156951904,-0.5897085070610046
0290243-O1,5.730999946594238,-2.4314022064208984
0142004-O21,3.2641000747680664,-0.592843770980835
0289691-Nb2,16.186500549316406,0.46185338497161865
0167571-O6,3.518399953842163,-0.5870200991630554
0135701-Ba1,8.607600212097168,-2.4438657760620117
0109333-Ba1,9.94950008392334,-2.2440998554229736
0185027-O69,2.8940999507904053,-2.634491443634033
0120257-Co1,2.547800064086914,0.057793378829956055
0145761-Mn2,3.6087000370025635,-1.4090956449508667
0171017-O15,0.6908000111579895,-1.5593087673187256
0163417-Mn1,8.340999603271484,0.29720044136047363
0136293-O8,2.33489990234375,0.051213622093200684
icsd427481-O4,6.509099960327148,-4.032730579376221
0143911-O4,6.071599960327148,-3.013643503189087
0167571-O20,3.500699996948242,-0.5842652916908264
0107269-Al6,12.729599952697754,-2.543325185775757
0185027-O65,3.3624000549316406,-2.4169633388519287
0171017-O4,2.9465999603271484,-1.5644408464431763
0194281-Mn1,9.912199974060059,0.44450247287750244
0143474-Sr2,7.736599922180176,-1.1332945823669434
0143825-O1,3.4937000274658203,-1.4395928382873535
0188787-O2,4.545100212097168,-1.4840097427368164
0110733-In1,8.313899993896484,-0.1946030855178833
0109710-Ca1,9.332900047302246,-1.6460846662521362
0111316-O1,4.45389986038208,-2.9360151290893555
0125667-O2,2.1449999809265137,-0.5784308910369873
0167571-O10,2.781899929046631,-0.5939276218414307
0108689-Al1,7.64109992980957,-2.8528246879577637
0111982-O1,6.619900226593018,-3.4799299240112305
0110854-Ti1,15.01449966430664,0.2128922939300537
0290080-O3,6.271599769592285,-2.497659683227539
0185027-O50,3.5422000885009766,-1.802445888519287
0195961-Nb2,16.2460994720459,0.18051397800445557
0289691-O1,5.894599914550781,-2.4625210762023926
0289729-Ce1,15.280900001525879,-3.273329019546509
0009648-O1,4.120100021362305,0.3047981262207031
0193122-Mn1,5.937600135803223,-0.94216388463974
0142004-Fe18,5.649099826812744,-0.5983352661132812
0108689-O2,5.125100135803223,-2.9455928802490234
0135701-O6,2.404099941253662,-2.5789990425109863
0142004-O6,3.3138999938964844,-0.5854073166847229
0170770-Fe1,2.097399950027466,0.08011913299560547
0147238-O2,5.656499862670898,-1.985595941543579
0109092-O1,6.171299934387207,-3.071190357208252
0143474-Fe1,4.768400192260742,0.45614349842071533
0111085-Ti2,14.646100044250488,0.34787511825561523
0109458-O8,5.05049991607666,-2.5947506427764893
0115344-Ba4,8.180999755859375,-1.7998595237731934
0109092-O3,6.705900192260742,-3.1720240116119385
0185027-O55,3.1686999797821045,-2.1025760173797607
0009499-Ni1,3.7620999813079834,0.2726966142654419
0162339-Fe6,4.63070011138916,0.6673723459243774
0109458-O5,5.0833001136779785,-2.4762773513793945
0193359-O2,5.640699863433838,-1.802954077720642
0011580-Ni1,3.26200008392334,-1.8018989562988281
0290296-Y1,14.018600463867188,-2.583066463470459
0116531-Fe4,5.3942999839782715,-0.5897200703620911
0162339-O3,3.4098000526428223,-1.7735780477523804
0136334-Co1,2.601599931716919,0.014773845672607422
0111567-O6,5.790599822998047,-2.8938698768615723
0125741-O3,2.6124000549316406,-0.5891241431236267
0185492-Mn2,8.677499771118164,0.3558802604675293
0289614-O2,5.078999996185303,-1.748486042022705
0011908-Mn1,5.222499847412109,-1.0558680295944214
0171017-O8,1.7102999687194824,-1.5544785261154175
0108190-Y3,11.924500465393066,-2.806424617767334
0107269-O3,6.326300144195557,-3.021629810333252
0185027-O52,3.447999954223633,-1.7985535860061646
0185165-Mn1,3.0125999450683594,-0.6711699962615967
0193429-O3,1.893399953842163,-2.742877960205078
0116531-O10,3.7311999797821045,-0.5864747762680054
0167571-O26,3.0209999084472656,-0.6009314060211182
icsd427481-Ba1,7.048699855804443,-1.5268083810806274
0012011-Ni1,4.496099948883057,-0.6211740374565125
0193122-O1,2.7992000579833984,-0.58500075340271
0185027-Ba15,6.892600059509277,-0.6216208934783936
0111479-O3,5.4334001541137695,-3.25296950340271
0185027-Fe14,5.548999786376953,0.16701388359069824
0185165-O3,5.000999927520752,-3.0085930824279785
0289591-Fe1,2.967900037765503,-0.27375924587249756
0195961-O2,4.659599781036377,-1.8973171710968018
0162339-Sr1,7.311699867248535,-0.4251227378845215
0141559-O3,5.4664998054504395,-1.9512885808944702
0159784-O2,5.2870001792907715,-2.054384469985962
0147283-O5,2.9128000736236572,-2.314243793487549
0142004-Fe3,5.587100028991699,-0.5476094484329224
0110289-In2,6.8892998695373535,-0.4748692512512207
0111479-O1,5.117300033569336,-3.1721343994140625
0289663-O4,6.011300086975098,-2.624192237854004
0289885-O1,5.6118998527526855,-2.4874017238616943
0010375-Ti1,14.113699913024902,-0.3332756757736206
0116531-Fe10,6.10830020904541,-0.15243184566497803
0185027-O4,3.375699996948242,-2.2367401123046875
0167571-O4,3.1821000576019287,-0.5747236013412476
0009572-O1,6.138500213623047,-2.5764100551605225
0111567-Ti1,14.596099853515625,0.15929746627807617
0011752-O2,2.7852001190185547,-0.11139488220214844
0134600-O2,5.45959997177124,-2.50848126411438
0161406-Sr2,8.753199577331543,-1.5640603303909302
0195961-O3,4.7453999519348145,-2.0274224281311035
0194582-Nb1,11.043499946594238,0.08109772205352783
0167571-Fe1,5.955900192260742,-0.5940161347389221
0107269-O4,6.295400142669678,-3.116063117980957
0136334-O4,3.871799945831299,-1.73093581199646
0119208-Co1,4.617000102996826,0.044035911560058594
0136334-O1,4.367599964141846,-1.87174391746521
0149894-O2,4.991099834442139,-1.6073999404907227
0108190-O1,6.329599857330322,-3.368191957473755
0145761-O1,5.341000080108643,-2.128634214401245
0108427-O4,6.731100082397461,-2.9609134197235107
0167571-Fe10,6.8069000244140625,-0.601728618144989
0142004-O4,3.2325000762939453,-0.5812524557113647
0155087-O2,3.323899984359741,-0.32913196086883545
0154647-Ba1,5.906000137329102,-1.5663108825683594
0011764-O1,4.910900115966797,-2.2435336112976074
0109458-Ti1,14.935199737548828,-1.5769282579421997
0136665-O2,2.464600086212158,-2.619398593902588
0153176-Fe6,3.1428000926971436,-0.5990844964981079
0117270-O9,2.524199962615967,-0.767471194267273
0146578-O3,2.550100088119507,-2.6246001720428467
0142463-O2,2.2500998973846436,-1.7727439403533936
0185205-Fe1,6.598899841308594,0.6221641302108765
0009494-Al1,12.739999771118164,-3.0734128952026367
0136734-O1,5.332099914550781,-1.9577224254608154
0107269-O1,6.4141998291015625,-3.2474379539489746
0153176-Fe15,5.01200008392334,-0.6008644104003906
0289885-Nb1,16.208799362182617,0.07953190803527832
0136293-Sr4,8.344300270080566,-1.566001296043396
0154647-Ni1,3.3991000652313232,0.2661614418029785
0290243-O5,5.680200099945068,-2.658115863800049
0147283-Mn1,9.274800300598145,0.393247127532959
0108143-Al1,13.075200080871582,-2.468085765838623
0010541-O1,5.395999908447266,-2.8966140747070312
0156399-Co2,2.5190999507904053,0.08001327514648438
0110733-O1,4.742400169372559,-2.894942283630371
0169661-O3,1.9810999631881714,-1.9606494903564453
0124785-Fe1,1.53410005569458,0.004679560661315918
0153176-O11,3.2116000652313232,-0.586030900478363
0108143-Al4,12.979599952697754,-2.433814525604248
0185027-O34,3.6461000442504883,-1.8015639781951904
0155205-O1,2.475100040435791,-1.5663386583328247
0126839-O3,1.914199948310852,-1.2974683046340942
0174252-O2,4.980000019073486,-3.0248849391937256
0167571-Fe8,5.999000072479248,-0.6713951826095581
0108699-O1,5.434999942779541,-2.521899938583374
0290206-Ti1,14.593899726867676,-0.10245358943939209
0185408-Mn1,5.119200229644775,0.2071758508682251
0147283-Mn3,9.343600273132324,0.28915536403656006
0167571-Fe12,6.78439998626709,-0.5644397735595703
0289862-O1,6.406199932098389,-3.7251596450805664
0010079-O1,6.570700168609619,-3.4726176261901855
0108933-Al1,12.989500045776367,-2.663745403289795
0185492-Ba2,8.555100440979004,-1.566314697265625
0149894-O4,4.973499774932861,-1.5374369621276855
0167571-O5,3.4677000045776367,-0.5802735090255737
0142004-Sr2,8.459799766540527,-1.551587700843811
0178128-Mn2,6.454599857330322,-0.25809192657470703
0107269-Ca3,9.45199966430664,-1.6445343494415283
0185205-O3,2.2623000144958496,-1.9523451328277588
0171017-O6,2.9495999813079834,-1.5646353960037231
0110270-O3,3.8089001178741455,-2.9615769386291504
0167571-O24,3.3573999404907227,-0.6082181334495544
0135701-O1,2.1993000507354736,-2.5505762100219727
0167571-O11,3.2083001136779785,-0.5934593677520752
0162339-O7,3.648099899291992,-2.6709351539611816
0142004-O14,3.574199914932251,-0.5864402651786804
0169661-Co1,7.3125,0.7294174432754517
0107269-O5,6.433599948883057,-3.160775661468506
0185027-O32,3.696899890899658,-1.801583170890808
0162339-O4,3.310800075531006,-1.7648602724075317
0167571-O8,3.3733999729156494,-0.5874907970428467
0134600-O1,4.790900230407715,-2.407320976257324
0115470-O5,3.08270001411438,-0.9805278778076172
0135701-O2,2.4482998847961426,-1.5582265853881836
0185027-Fe23,4.700900077819824,0.32293403148651123
0156399-La1,8.227999687194824,-1.566311001777649
0116531-O8,3.2532999515533447,-0.5853509306907654
0154647-O1,3.9649999141693115,-1.5072529315948486
0167571-O22,3.4612998962402344,-0.5928298830986023
0009596-Ca1,8.426600456237793,-1.6773732900619507
0111567-O10,5.720699787139893,-3.521251678466797
0144940-Y1,12.593600273132324,-2.98524808883667
0153176-O3,3.057499885559082,-0.5946967601776123
0167571-O23,3.440000057220459,-0.6048383116722107
0290130-Sr1,8.855400085449219,-1.9846361875534058
0113386-Fe2,7.392000198364258,0.205938458442688
0185027-O42,3.9052000045776367,-1.925756573677063
0171017-Co1,4.304999828338623,0.9443608522415161
0185027-Fe13,4.999899864196777,0.12845897674560547
0159784-Ti1,11.05150032043457,-3.7492103576660156
0187243-Co1,6.927499771118164,-0.1452162265777588
0290296-Y2,14.109100341796875,-2.641746997833252
0108699-Ba1,9.116399765014648,-1.9292750358581543
0176585-In1,9.530599594116211,-0.3512004613876343
0136293-Sr1,8.652700424194336,-1.8161289691925049
0136261-Co1,3.9916000366210938,-0.6377221345901489
0108321-O3,6.424900054931641,-2.854321241378784
0185027-Ba26,6.17080020904541,-1.4999053478240967
0179580-O2,5.594399929046631,-1.511657476425171
0170164-O6,2.4451000690460205,-0.5977683067321777
0290243-O8,5.7291998863220215,-2.4361562728881836
0167571-O2,3.1798999309539795,-0.5739574432373047
0109770-In1,8.87559986114502,-2.00964617729187
0185492-O1,3.003200054168701,-2.525435209274292
0117270-O2,1.726099967956543,-0.5886542201042175
0188787-O1,4.576099872589111,-1.5943260192871094
0108143-O2,6.148399829864502,-3.072589874267578
0171017-Sr2,7.665200233459473,-0.4616830348968506
0167571-O3,3.1986000537872314,-0.5712184906005859
0185107-Co3,5.083399772644043,0.7947334051132202
0194560-O1,5.260900020599365,-1.581743836402893
0116531-Fe5,5.67710018157959,-0.6771702170372009
0143474-O1,3.686199903488159,-2.725342035293579
0185027-O68,2.816699981689453,-2.6396570205688477
0290080-O1,5.662300109863281,-2.2744741439819336
icsd427482-O2,6.551799774169922,-4.054710865020752
0290243-O4,5.847799777984619,-2.6925458908081055
0009944-Ni1,4.060800075531006,-0.026818394660949707
0171017-O1,2.8092000484466553,-1.5660791397094727
0120257-O1,5.174600124359131,-1.9225890636444092
0153176-O18,3.501300096511841,-0.5832885503768921
0185027-O12,3.267899990081787,-2.2214550971984863
0009931-O1,4.412600040435791,-1.6229034662246704
0184694-Mn1,10.895500183105469,0.20303046703338623
0289614-O1,5.013999938964844,-2.014218330383301
0145133-Mn1,5.593699932098389,0.05484747886657715
0109092-Y4,14.384499549865723,-2.704282760620117
0169397-La1,11.022700309753418,-3.089418411254883
0176178-Fe1,2.8505001068115234,-0.25831174850463867
0009808-Fe1,6.990300178527832,-0.6132946610450745
0136665-Sr2,6.743800163269043,-1.5592163801193237
0111982-O4,6.657199859619141,-3.6914005279541016
0108927-Y2,13.118900299072266,-2.6338706016540527
0169397-O2,2.4289000034332275,-0.22171616554260254
0009596-O1,6.986299991607666,-3.3434300422668457
0188787-Y1,11.597299575805664,-2.957465410232544
0162339-Fe3,4.75540018081665,-0.4838777780532837
0185027-O22,2.8928000926971436,-2.633800506591797
0153176-O14,3.3178999423980713,-0.5933799147605896
0289796-O5,5.8171000480651855,-2.628295660018921
0185027-O18,2.879199981689453,-2.6025924682617188
0171017-Sr5,7.688600063323975,-0.4156836271286011
0154647-O2,4.1209001541137695,-2.040792226791382
0117270-Mn6,4.895699977874756,0.027291178703308105
0185027-Fe8,4.033599853515625,0.5515180826187134
0107855-Al4,12.745699882507324,-2.618732452392578
0111479-Ti1,14.672699928283691,-0.09179425239562988
0170357-O2,5.32859992980957,-0.63078773021698
0108933-Al3,12.955699920654297,-2.5902695655822754
0143825-O2,3.380199909210205,-0.4941514730453491
0185492-Mn1,8.807900428771973,0.33001935482025146
0290125-O1,5.859799861907959,-1.8107856512069702
0009859-Mn1,6.263700008392334,-1.713519811630249
0194281-Sr1,8.815400123596191,-1.4619461297988892
0155087-O4,3.5178000926971436,-0.28828978538513184
0179730-Sr2,6.843999862670898,-1.5633487701416016
0185027-Fe6,3.9042000770568848,0.5530725717544556
0289796-O12,5.630000114440918,-2.6877236366271973
0116531-O20,3.451200008392334,-0.5935253500938416
0162642-Y1,12.585100173950195,-2.9804368019104004
0185027-O58,3.389400005340576,-2.031290054321289
0117270-O1,1.8772000074386597,-0.5854485034942627
0116531-Ba2,7.773099899291992,-0.9678996205329895
icsd427481-La2,11.55720043182373,-1.5666874647140503
0117717-O1,4.02869987487793,-2.5956482887268066
0136334-O7,2.5752999782562256,-1.5660563707351685
0107847-O1,6.023900032043457,-3.2402687072753906
0143911-O2,5.929699897766113,-2.580811023712158
0185205-Ba1,6.332900047302246,-1.446150302886963
0117270-O5,1.4804999828338623,-2.169649124145508
0144940-Mn1,8.100700378417969,-0.533881425857544
0162339-O11,2.396699905395508,-0.6669203639030457
0110289-Ba1,8.211700439453125,-2.7810323238372803
0171017-O11,1.1026999950408936,-1.510351300239563
0169441-Ba1,6.641900062561035,-1.5584043264389038
0109458-O4,5.572999954223633,-2.5017590522766113
0169661-Ba2,7.94290018081665,-1.5663076639175415
0179730-O3,3.9846999645233154,-2.936323404312134
0142004-O8,3.3197999000549316,-0.5827839374542236
0185027-O2,2.8236000537872314,-2.715303897857666
0147283-O15,3.0327000617980957,-2.3950915336608887
0109092-O8,6.290599822998047,-3.343994140625
0144940-Mn2,8.253000259399414,0.42146551609039307
0010576-O1,4.429699897766113,-0.9814223647117615
0194560-O2,5.034599781036377,-1.5645842552185059
0185027-O19,2.93530011177063,-2.629754066467285
0012370-O1,5.131800174713135,-2.683837652206421
0146652-Sr1,8.804200172424316,-1.5663142204284668
0167571-Fe15,5.4274001121521,-0.5932161808013916
0289618-Mn1,8.328200340270996,0.45701634883880615
0162339-O6,3.480299949645996,-2.6642508506774902
0108699-O5,6.071599960327148,-2.464486598968506
0153176-O20,3.6340999603271484,-0.5669175386428833
0155205-Co1,3.921299934387207,1.0393568277359009
0012072-Mn1,8.729999542236328,-0.8688814640045166
0009889-In2,9.032099723815918,-2.1735682487487793
0188731-O4,3.7609000205993652,-1.5446072816848755
0111982-O3,6.670499801635742,-3.6175780296325684
0153176-Fe12,2.7588999271392822,-0.7529228925704956
0167571-O27,3.1379001140594482,-0.6047897934913635
0009944-In1,6.422800064086914,-3.0491342544555664
0145133-Sr1,7.69950008392334,-1.512298822402954
0109710-Ca2,8.869999885559082,-2.657792806625366
0153176-O8,3.122999906539917,-0.5990224480628967
0009499-Al2,9.816800117492676,-1.5663111209869385
0142004-O9,2.99399995803833,-0.5882529616355896
0174252-O4,5.425300121307373,-2.94500470161438
0290080-O2,5.509900093078613,-1.803376317024231
0108699-O4,5.35890007019043,-2.4671030044555664
0170164-O4,3.6221001148223877,0.09723210334777832
0111508-O1,6.661099910736084,-3.847994804382324
0146578-Sr2,8.758999824523926,-1.5663155317306519
0119208-Nb1,13.100799560546875,-0.5361130237579346
0108190-Y4,12.597599983215332,-2.948490619659424
0136334-O5,2.9001998901367188,-1.6272311210632324
0108699-Ti2,15.222599983215332,-2.1997013092041016
0111316-In1,8.498900413513184,-0.8338723182678223
0115344-O8,1.1015000343322754,-1.7202550172805786
0170770-Ca1,5.555200099945068,-1.2414121627807617
0116531-O15,3.2829999923706055,-0.9723281860351562
0289796-O14,5.5553998947143555,-2.6822948455810547
0116531-O4,3.4672000408172607,-1.0198931694030762
0184694-Ba1,8.761899948120117,-3.0762829780578613
0171017-Co3,5.1194000244140625,0.9741007089614868
0289618-O1,2.689300060272217,-2.178497791290283
0009594-Ba1,6.46120023727417,0.05726969242095947
0174252-Fe1,7.1255998611450195,0.8461390733718872
0153176-Fe11,2.736599922180176,-0.6126922965049744
0289874-La1,12.069000244140625,-2.9040653705596924
0142004-O11,3.0625,-0.5895383358001709
0135701-Ba3,8.70740032196045,-2.024198293685913
0111567-O12,6.1468000411987305,-3.6977696418762207
0111316-In2,8.011799812316895,-0.934594452381134
0116531-O3,3.606600046157837,-0.9227308034896851
0185027-Fe12,4.0278000831604,0.3389899730682373
0010438-O1,4.43149995803833,-0.8829830884933472
0108933-O5,6.263000011444092,-3.116777181625366
0289796-O8,5.868000030517578,-2.493992328643799
0193429-Mn1,8.62440013885498,0.5020736455917358
0185408-O2,1.7120000123977661,-1.7367591857910156
0108427-Sr1,10.588700294494629,-1.5756659507751465
0109770-Ca1,9.831600189208984,-3.0152103900909424
0142463-Fe1,6.121200084686279,1.1397229433059692
0107269-O11,6.373899936676025,-3.0296530723571777
0110289-In1,7.095300197601318,-0.42454278469085693
0195961-O6,4.853300094604492,-1.9263311624526978
0289949-O1,4.445700168609619,-2.918642997741699
0011580-O2,3.5181000232696533,-0.293489933013916
0110854-O3,5.6118998527526855,-3.0077900886535645
0145133-O2,3.240799903869629,-2.9278855323791504
0195961-O4,4.10129976272583,-1.802149772644043
0109710-O3,5.771399974822998,-3.0089216232299805
0289796-O9,5.613900184631348,-2.3280608654022217
0289934-O1,6.360400199890137,-3.5488715171813965
0171017-O7,1.6965999603271484,-1.5453252792358398
0289614-Ba1,8.519599914550781,-2.640011787414551
0107855-Ca3,10.305299758911133,-1.6054234504699707
0185027-O41,3.8977999687194824,-1.911856770515442
0124041-O1,3.421099901199341,-2.677865982055664
0133995-O3,5.374199867248535,-2.249541997909546
0108927-Ba1,7.342199802398682,-1.5777432918548584
0113386-Fe1,6.863999843597412,-0.17135441303253174
0111567-La1,13.396599769592285,-2.683292865753174
0182355-Co1,1.8631999492645264,-0.2065117359161377
0111085-Ti1,14.197600364685059,0.13480639457702637
0111567-O9,6.280200004577637,-3.7827820777893066
0179730-Sr3,6.6305999755859375,-1.2183642387390137
0009499-Al1,9.585100173950195,-2.6479198932647705
0107855-O6,6.262599945068359,-2.780241012573242
0136293-Co4,4.863500118255615,-0.16692090034484863
0185027-O54,3.3636999130249023,-1.8003400564193726
0118499-O1,2.3136000633239746,-1.5914971828460693
0116531-Fe9,5.849899768829346,-0.18747055530548096
0111085-O1,5.887899875640869,-3.689826011657715
0010549-Ti1,15.546099662780762,-3.556722640991211
0116531-Fe3,5.621500015258789,-0.5620177984237671
0185027-O37,3.2644999027252197,-2.0568244457244873
0111982-Sr1,7.9166998863220215,-1.6110620498657227
0185492-O4,2.2385001182556152,-2.591585636138916
0193359-Ni1,2.500200033187866,0.6462711095809937
0108190-O2,6.129000186920166,-3.2584471702575684
0162339-O12,2.5880000591278076,-0.6306743025779724
0167571-Ba1,8.886699676513672,-1.4906655550003052
0111567-O14,5.951300144195557,-3.054354429244995
0167571-O19,3.38919997215271,-0.5893653631210327
0146652-O3,3.140500068664551,-2.6265745162963867
0147283-O1,3.251699924468994,-2.7408454418182373
0110156-O2,4.0503997802734375,-2.8712692260742188
0107702-O2,6.390900135040283,-2.817246913909912
0290062-O1,6.2144999504089355,-1.8887046575546265
0170164-O5,3.0643999576568604,0.1724303960800171
0171017-Co5,5.655399799346924,0.895926833152771
0143911-La2,12.991399765014648,-2.7660880088806152
0289591-O1,6.191100120544434,-2.1951065063476562
0117270-Mn5,4.752099990844727,-0.34740567207336426
0290243-O9,5.479300022125244,-2.339879274368286
0153176-O4,3.11680006980896,-0.6071475744247437
0289774-Ca1,9.395099639892578,-2.152242422103882
0110854-O4,6.718900203704834,-3.8926267623901367
0185027-O29,3.143399953842163,-2.342538833618164
0185027-O6,3.196000099182129,-2.312465190887451
0185165-O2,5.433599948883057,-2.6265077590942383
0111567-O5,5.749499797821045,-2.8714497089385986
0185027-Ba18,6.756800174713135,-0.23478198051452637
0153176-Fe17,5.313600063323975,-0.5941632390022278
0126839-Sr2,9.614399909973145,-1.6281177997589111
0178128-O4,2.439300060272217,-0.7234545350074768
0290102-Nb1,17.1028995513916,0.2595008611679077
0124041-Sr1,6.113500118255615,-0.30971813201904297
0169441-O1,2.203700065612793,-1.8087449073791504
0009576-O1,6.994999885559082,-2.861046552658081
0009931-In1,8.468500137329102,-2.5838027000427246
0108927-O2,6.587299823760986,-3.52115535736084
0289874-O1,6.451000213623047,-3.056586265563965
0290243-O7,5.233399868011475,-2.4991061687469482
0185027-Ba3,6.756199836730957,-1.7966996431350708
0145133-O3,3.50819993019104,-2.9192914962768555
0161406-Sr1,8.346799850463867,-1.7881860733032227
0193122-Mn2,5.743000030517578,-0.8977190852165222
0108143-O4,6.140900135040283,-3.097170829772949
0011233-Mn1,5.800000190734863,-0.837250292301178
0115344-O9,1.211899995803833,-1.5974947214126587
0289691-O3,5.092100143432617,-2.589275360107422
0185027-O39,3.875200033187866,-1.9331055879592896
0195961-O1,4.623799800872803,-1.7985398769378662
0147283-O9,2.1826999187469482,-2.751563549041748
0120257-O2,5.983099937438965,-2.4387552738189697
0153176-O15,3.420799970626831,-0.5996960401535034
0124785-O3,5.401599884033203,-2.1729445457458496
0167571-O17,3.500499963760376,-0.5940566658973694
0109333-O1,5.511099815368652,-1.5989364385604858
0109684-Ba1,8.407699584960938,-2.7099571228027344
0116531-Ba3,7.807499885559082,-1.4533566236495972
0136334-O8,2.6891000270843506,-1.566214919090271
0185107-O2,1.6793999671936035,-1.564027190208435
0011764-O2,5.3668999671936035,-2.1170454025268555
0185027-Ba1,6.6956000328063965,-1.7921329736709595
0179730-O2,3.8756000995635986,-2.9151105880737305
0110270-In1,7.477200031280518,-0.2719275951385498
0136293-Sr2,9.307100296020508,-2.1050853729248047
0191847-O2,3.2435998916625977,-0.58064866065979
0169661-O2,2.3064000606536865,-1.8048450946807861
0167571-O13,3.554800033569336,-0.5874161720275879
0185027-O62,3.4560000896453857,-1.756980299949646
0109710-O2,5.7494001388549805,-1.9014265537261963
0176585-O1,4.528800010681152,-2.153927803039551
0142004-Fe14,5.767300128936768,-0.5991935729980469
0185165-O1,5.672900199890137,-2.718865156173706
0109092-O4,6.795400142669678,-3.4734702110290527
0011562-Fe1,5.860899925231934,-1.801857590675354
0153176-O27,3.235300064086914,-0.5615568161010742
0109458-O7,5.2835001945495605,-2.533963203430176
0118499-Co2,3.8736000061035156,0.15600347518920898
0167571-O12,3.2186999320983887,-0.5937333106994629
0115344-O4,0.4659000039100647,-1.1182136535644531
0012299-Co1,4.119100093841553,-3.0065369606018066
0145761-Mn1,2.9047000408172607,-1.8019083738327026
0108190-Ba3,7.805099964141846,-2.2575461864471436
0177189-Mn1,4.767099857330322,0.13390398025512695
0112035-Ti1,15.16450023651123,-0.3042416572570801
0142004-O25,3.1440000534057617,-0.5940459966659546
0009859-O1,4.213500022888184,-2.0921335220336914
0147283-O14,3.1187000274658203,-2.365241527557373
0185107-Co2,5.020400047302246,0.8797374963760376
0162339-O10,3.2885000705718994,-0.679526686668396
0185027-Fe18,4.175600051879883,0.048647403717041016
0289796-Nb3,16.57659912109375,0.5235527753829956
0143474-O5,3.4574999809265137,-1.9677326679229736
0111567-O13,5.587299823760986,-2.992091178894043
0110156-In2,8.74899959564209,-0.7274225950241089
0170357-O1,4.956399917602539,-1.3825149536132812
0126619-O1,3.731100082397461,-2.75209903717041
0191339-Fe1,2.650099992752075,-0.671143651008606
0185027-O57,3.3459999561309814,-2.0471208095550537
0136293-O1,2.4788999557495117,0.07988440990447998
0167571-Fe6,5.811600208282471,-0.6654170751571655
0185027-O15,3.0436999797821045,-2.604412317276001
0146652-Mn1,8.63640022277832,0.38536012172698975
0185165-O4,5.21999979019165,-2.9497334957122803
0109092-Y1,14.353699684143066,-2.608365535736084
icsd427482-Ce2,4.928599834442139,-1.5664329528808594
0109458-O1,5.8796000480651855,-2.587589740753174
0169441-O3,2.6558001041412354,-1.9073779582977295
0113386-O4,4.417200088500977,-2.230628490447998
0289796-Nb2,16.624000549316406,0.4145015478134155
0147283-O8,3.028599977493286,-2.7005746364593506
0108933-Sr1,9.946999549865723,-1.5792683362960815
0107847-O2,6.514699935913086,-3.3522191047668457
0136293-O9,0.28349998593330383,-1.4866609573364258
0108933-O2,6.243199825286865,-3.2535970211029053
0289952-O1,1.347000002861023,-1.5680044889450073
0171017-Sr6,7.738999843597412,-0.43831706047058105
0191847-Fe1,2.6768999099731445,-0.632764995098114
0108321-O2,6.377799987792969,-2.7014780044555664
0170164-O1,2.2039999961853027,-0.6003556847572327
0011304-Mn2,4.794300079345703,-1.801889181137085
0110156-O4,3.990600109100342,-2.751143455505371
0135701-O5,2.811000108718872,-2.497117042541504
0108190-O3,6.105299949645996,-3.229642152786255
0290005-O1,6.044899940490723,-1.9892300367355347
0289729-Ca1,7.750400066375732,-1.6116712093353271
0289796-Nb4,16.945999145507812,0.4603830575942993
0194560-Nb1,14.699899673461914,-0.8667323589324951
0171017-Sr4,7.5879998207092285,-0.47185206413269043
0177189-O1,4.3470001220703125,-2.6155407428741455
0142004-Fe2,5.678299903869629,-0.5973753333091736
0149894-O1,4.841700077056885,-1.5498459339141846
0153176-O10,3.4077999591827393,-0.585766077041626
0153176-Fe10,2.7676000595092773,-0.7719925045967102
0107855-O4,6.527200222015381,-3.417046546936035
0289663-O3,6.053599834442139,-2.998958110809326
0147283-O6,2.7648000717163086,-2.310833692550659
0111982-O2,6.620800018310547,-3.398521900177002
0111567-La4,14.21619987487793,-2.5474066734313965
0149894-Ni2,3.788100004196167,-0.48603761196136475
0185027-Ba24,6.5269999504089355,-1.4060193300247192
0142004-O27,3.0072999000549316,-0.5992592573165894
0108143-O1,6.184599876403809,-3.0810179710388184
0109710-O1,5.514100074768066,-2.9195923805236816
0111567-O3,5.684000015258789,-3.0845816135406494
0185027-Fe3,4.191699981689453,0.4364849328994751
0011911-O1,3.8945000171661377,-0.8528764843940735
0169661-O4,1.9507999420166016,-1.8129090070724487
0141559-Ti1,8.676300048828125,-3.751014232635498
0185205-O2,2.847899913787842,-1.8755168914794922
0120257-O3,4.97629976272583,-2.0926966667175293
0179730-Mn1,5.075300216674805,-0.1530827283859253
0115344-O10,0.8996000289916992,-1.722220540046692
0153176-O26,3.2711000442504883,-0.5619504451751709
0126619-Mn1,4.273799896240234,0.37928080558776855
0162339-O2,3.407399892807007,-1.8008229732513428
0167571-Fe2,6.011899948120117,-0.5896918773651123
0153176-Fe18,5.387199878692627,-0.616866409778595
0153176-O24,3.6338000297546387,-0.5606913566589355
0178128-O2,2.73580002784729,-0.5827013254165649
0167571-O14,3.501699924468994,-0.5955837965011597
0195961-O9,4.961599826812744,-2.079371452331543
0167571-Fe7,6.132500171661377,-0.6297490000724792
0107269-Al3,13.101699829101562,-2.6294384002685547
0009944-O2,3.4804999828338623,-1.4008333683013916
0142004-Sr1,8.281000137329102,-1.5284112691879272
0289774-Ti1,15.187100410461426,-0.16951406002044678
0109668-In1,8.559800148010254,-0.7413167357444763
0125741-O2,2.247999906539917,-0.5795942544937134
0142004-Fe4,6.0177998542785645,-0.5642579793930054
0289862-Ce1,5.9145002365112305,-1.5736948251724243
0118499-Ca2,7.214200019836426,-1.5655310153961182
0009491-Al1,10.496500015258789,-3.042698383331299
0116531-Ba4,8.58080005645752,-1.3932902812957764
0012201-Mn1,5.456099987030029,-3.0619773864746094
0176585-Nb1,17.215599060058594,-0.17048704624176025
0182299-Sr1,10.222100257873535,-1.5664576292037964
0290206-Sr1,8.440600395202637,-1.8234457969665527
0159544-Fe1,6.168300151824951,1.4436544179916382
0108190-Y1,11.932499885559082,-2.6645255088806152
0147283-Mn4,9.290599822998047,0.30177533626556396
0011304-O1,3.8859000205993652,-0.595910906791687
0185027-O9,3.000699996948242,-2.7103700637817383
0289796-O7,5.0731000900268555,-2.4391989707946777
0115470-O1,3.805000066757202,-1.4659925699234009
0136293-O11,0.3352999985218048,-1.4866528511047363
0109333-Ti1,15.234100341796875,-1.649781584739685
0136334-O3,4.105299949645996,-1.6799819469451904
0153176-Fe9,4.185100078582764,-0.6032074689865112
0136665-O1,2.3740999698638916,-2.681436061859131
0012201-O1,4.084799766540527,-0.5999422669410706
0012011-Mn1,8.490900039672852,-0.8749957084655762
0142004-Fe7,5.229599952697754,-0.6271152496337891
0185027-Ba21,6.65369987487793,-1.4862215518951416
0010731-O1,5.932799816131592,-1.8210042715072632
0290062-O2,6.381499767303467,-2.6467771530151367
0107269-O6,6.296599864959717,-3.044846534729004
0147238-O1,5.159200191497803,-2.3025262355804443
0109333-Ti2,14.682999610900879,-1.6442428827285767
0141559-O1,5.412899971008301,-2.0424983501434326
0108933-O6,6.3343000411987305,-2.958542823791504
0135701-Mn3,8.533100128173828,0.3624746799468994
0011671-Mn1,9.521599769592285,-0.16584885120391846
0185107-Ba1,8.862199783325195,-2.2739667892456055
0289949-O2,5.416299819946289,-3.944403648376465
0147283-O4,3.1347999572753906,-2.781248092651367
0142004-O5,3.361799955368042,-0.587152361869812
0185492-Ba1,8.422200202941895,-1.5663325786590576
0010720-O1,4.963600158691406,-2.3116507530212402
0194582-O3,5.844699859619141,-1.9015902280807495
0010021-Ni1,3.24399995803833,-1.8024406433105469
0185027-O40,3.8601999282836914,-1.859550952911377
0193122-Mn4,4.80210018157959,-0.630285918712616
0185027-O33,3.6870999336242676,-1.8015825748443604
0109458-Ti2,14.378999710083008,-3.5832743644714355
0289796-O13,5.920100212097168,-2.628927707672119
0193429-O2,2.534899950027466,-2.3759372234344482
0107269-Al5,13.131400108337402,-2.514061212539673
0185408-Ba1,11.767900466918945,-2.8852224349975586
0107269-Ca1,10.519399642944336,-1.6251895427703857
0116531-O19,3.4094998836517334,-0.5902116298675537
0171017-O5,3.075000047683716,-1.5642478466033936
0115344-O7,1.2223000526428223,-2.3663556575775146
0290062-Mg1,9.34280014038086,-1.5870047807693481
0153176-Fe14,5.0081000328063965,-0.6015459299087524
0115344-O6,1.207900047302246,-2.3043482303619385
0135701-Mn2,8.481599807739258,0.4027799367904663
0185492-O3,2.5039000511169434,-2.5716657638549805
0163417-O4,2.9047999382019043,-1.7990669012069702
0117717-O2,4.922699928283691,-2.59141206741333
0169441-O2,2.4014999866485596,-1.9078514575958252
0111567-Ti2,14.484999656677246,0.12414991855621338
0010389-Co1,3.226900100708008,-1.80189847946167
0185027-Ba12,6.61329984664917,-0.4209628105163574
0289663-Ba2,9.08489990234375,-2.7217342853546143
