0170164-O2,3.2941999435424805,5.971702575683594
0182355-Ba1,5.198699951171875,5.969417572021484
0113386-O4,4.417200088500977,5.971628665924072
0144307-O2,5.797599792480469,5.972623825073242
0167571-O14,3.501699924468994,5.969305515289307
0147238-O1,5.159200191497803,5.9729228019714355
0143474-O3,3.7262001037597656,5.971079349517822
0290243-O14,5.770899772644043,5.9727325439453125
icsd427481-O4,6.509099960327148,5.969635963439941
0167571-Fe13,5.871300220489502,5.972211837768555
0179730-O6,4.169000148773193,5.971719741821289
0011562-Fe1,5.860899925231934,5.970969200134277
0113386-O2,5.50570011138916,5.97131872177124
0290005-Ti1,14.806400299072266,5.974832057952881
0142004-O15,3.5123000144958496,5.969509601593018
0136334-Co3,2.8148000240325928,5.975295066833496
0290243-Sr1,9.219200134277344,5.973162651062012
0136334-La1,8.704299926757812,5.9722185134887695
0133995-Ba1,9.732000350952148,5.97267484664917
0116531-O14,3.138000011444092,5.968549728393555
0010389-O1,4.275100231170654,5.969818592071533
0010528-O1,4.343400001525879,5.96979284286499
0191847-O1,3.3361001014709473,5.969201564788818
0111567-O14,5.951300144195557,5.971428871154785
0195961-O2,4.659599781036377,5.973667621612549
0290243-Nb2,12.958999633789062,5.976118087768555
0188731-Fe1,7.19950008392334,5.975203037261963
0109458-Ti3,15.124899864196777,5.974821090698242
0110156-O3,4.114500045776367,5.9732279777526855
0110289-In1,7.095300197601318,5.969764232635498
0108143-O1,6.184599876403809,5.970245838165283
0162339-Fe1,4.613100051879883,5.972692489624023
0185027-O57,3.3459999561309814,5.968745708465576
0107269-Al5,13.131400108337402,5.973146438598633
0194582-O3,5.844699859619141,5.973428726196289
0108933-Al3,12.955699920654297,5.9742608070373535
0182355-Co1,1.8631999492645264,5.973017692565918
0126437-O2,6.276700019836426,5.972065448760986
0113386-Fe1,6.863999843597412,5.973491191864014
0147283-Sr1,8.540599822998047,5.9726033210754395
0110156-Ti1,15.61050033569336,5.976226806640625
0012072-O1,2.8808000087738037,5.970969200134277
0124785-Sr1,5.308300018310547,5.969024658203125
0108446-Y1,14.14229965209961,5.973743438720703
0290243-O1,5.730999946594238,5.9728827476501465
0153176-Fe8,4.322400093078613,5.9697465896606445
0146578-Sr2,8.758999824523926,5.971863746643066
0185107-O1,1.4104000329971313,5.9693074226379395
0171017-Sr3,7.58650016784668,5.972485065460205
0135701-O1,2.1993000507354736,5.970200061798096
0185027-O30,3.119800090789795,5.968714237213135
0011911-Fe1,6.450399875640869,5.970618724822998
0193359-O2,5.640699863433838,5.970065116882324
0116531-O12,3.5114998817443848,5.969390392303467
0136334-O8,2.6891000270843506,5.971590042114258
0116531-O20,3.451200008392334,5.968843460083008
0167571-O27,3.1379001140594482,5.9695024490356445
0116531-Ba3,7.807499885559082,5.967569351196289
0290080-O3,6.271599769592285,5.972824573516846
0136293-O10,0.298799991607666,5.971061706542969
0182299-O1,5.703000068664551,5.972659111022949
0185408-Ba1,11.767900466918945,5.970702171325684
0289949-O1,4.445700168609619,5.9702277183532715
0111567-O3,5.684000015258789,5.971207618713379
0120257-Co2,2.161099910736084,5.975146293640137
0142004-Sr1,8.281000137329102,5.970078945159912
0109092-Y4,14.384499549865723,5.97373104095459
0009944-O1,3.605799913406372,5.971653938293457
0115470-Ba2,8.55090045928955,5.967926025390625
0185492-Ba1,8.422200202941895,5.970497131347656
0109458-O5,5.0833001136779785,5.971212863922119
0185027-O42,3.9052000045776367,5.9685959815979
0110854-La1,13.354900360107422,5.971595764160156
0011764-O2,5.3668999671936035,5.971958637237549
0185027-O24,3.0889999866485596,5.968756675720215
0170164-O4,3.6221001148223877,5.971591472625732
0185027-O56,3.422600030899048,5.9687628746032715
0143911-O4,6.071599960327148,5.971854209899902
0185027-Ba23,6.63700008392334,5.967300891876221
0109710-O4,5.907800197601318,5.9696455001831055
0107269-Al2,13.07919979095459,5.973048686981201
0107702-O4,6.7006001472473145,5.971287727355957
0111567-Ti3,15.129899978637695,5.974110126495361
0290125-O1,5.859799861907959,5.97264289855957
0141559-Fe1,3.4144999980926514,5.973372459411621
0194582-O2,5.422900199890137,5.973049640655518
0009921-Co1,4.846799850463867,5.979759693145752
0109458-O3,5.453999996185303,5.971904277801514
0009889-O1,3.7274999618530273,5.97379732131958
0116531-Fe11,6.283400058746338,5.971169948577881
0194723-Mn1,4.5690999031066895,5.979680061340332
0185492-O1,3.003200054168701,5.970191955566406
0107847-Ca1,8.25730037689209,5.969986915588379
0185027-Ba2,6.559299945831299,5.96841287612915
0126619-O1,3.731100082397461,5.971330165863037
0111982-O1,6.619900226593018,5.971388816833496
0185165-O2,5.433599948883057,5.968754291534424
0108933-O6,6.3343000411987305,5.971743106842041
0009491-Al1,10.496500015258789,5.974820137023926
0109092-O8,6.290599822998047,5.972135543823242
0117717-O2,4.922699928283691,5.968912601470947
0167571-Fe20,6.1269001960754395,5.972151279449463
0142004-O12,3.1187000274658203,5.969234943389893
0109092-Al1,12.562199592590332,5.9734649658203125
0195961-Sr1,8.930800437927246,5.974533557891846
0289618-Mn1,8.328200340270996,5.977275371551514
0289591-Al1,6.950900077819824,5.974768161773682
0010541-Sr1,8.60890007019043,5.972512722015381
0162339-O13,3.171299934387207,5.97014856338501
0126619-O2,4.033999919891357,5.970976829528809
0162339-O7,3.648099899291992,5.970722675323486
0108933-Al2,13.069199562072754,5.973809242248535
0290243-O10,5.547100067138672,5.972390651702881
0185107-Ba3,8.396900177001953,5.969844341278076
0142004-O6,3.3138999938964844,5.969621181488037
0185027-O25,3.1349000930786133,5.968794822692871
0109458-Ti4,14.394000053405762,5.97554874420166
0107847-Al2,11.441499710083008,5.9717116355896
0111508-Y1,13.477700233459473,5.971384048461914
0153176-Fe3,6.119800090789795,5.972439289093018
0146578-Mn1,8.408900260925293,5.979241371154785
0009494-O1,6.811500072479248,5.972417831420898
icsd427481-La2,11.55720043182373,5.97022008895874
0117717-Co1,2.194499969482422,5.97373628616333
0159784-O3,5.249100208282471,5.970514297485352
0112334-O4,6.124599933624268,5.972416400909424
0009944-O2,3.4804999828338623,5.9717254638671875
0289885-O1,5.6118998527526855,5.973104000091553
0109710-O2,5.7494001388549805,5.969758987426758
0136293-Co4,4.863500118255615,5.977875232696533
0110156-O1,4.472599983215332,5.973048686981201
0112334-O2,6.237100124359131,5.971855163574219
0146652-Mn2,8.590800285339355,5.979233264923096
0171017-O3,2.8190999031066895,5.971463680267334
0143911-Nb1,16.803600311279297,5.975606441497803
0124041-Fe1,2.8784000873565674,5.974856853485107
0290102-O3,5.80079984664917,5.974206447601318
0153176-O2,3.09089994430542,5.969176769256592
0147283-O2,3.1034998893737793,5.971651077270508
0009889-In1,9.10200023651123,5.976086139678955
0116531-Fe4,5.3942999839782715,5.972358703613281
0185205-Fe1,6.598899841308594,5.971203327178955
0155087-O1,4.313700199127197,5.970510005950928
0012299-Co1,4.119100093841553,5.975546836853027
0136734-O1,5.332099914550781,5.971848487854004
0290062-O1,6.2144999504089355,5.970925807952881
0107269-O6,6.296599864959717,5.970724105834961
0142004-O24,3.5529000759124756,5.969733715057373
0289885-Nb1,16.208799362182617,5.97838020324707
0142004-O11,3.0625,5.969227313995361
0167571-O6,3.518399953842163,5.969608306884766
0185027-Fe24,4.447299957275391,5.970846652984619
0153176-Fe7,3.3331000804901123,5.972679615020752
0010549-O1,4.926799774169922,5.9716925621032715
0112035-O2,6.9369001388549805,5.973004341125488
0185027-Fe12,4.0278000831604,5.97064733505249
0117270-Mn3,4.717400074005127,5.979099750518799
0155087-Co1,5.32450008392334,5.976048469543457
0169661-Ba2,7.94290018081665,5.969449043273926
0012011-O1,2.7039999961853027,5.970954895019531
0169661-Co1,7.3125,5.972838401794434
0112334-Y2,13.909500122070312,5.9740729331970215
0153176-O9,3.131200075149536,5.969361782073975
0162339-Fe2,4.658899784088135,5.97263240814209
0108190-O1,6.329599857330322,5.9705071449279785
0185027-Fe19,4.069399833679199,5.970946311950684
0142004-O19,3.643199920654297,5.969602108001709
0194560-Ni1,5.131400108337402,5.977219104766846
0111508-O2,6.53439998626709,5.970582485198975
0185205-O4,0.9750000238418579,5.968708038330078
0289796-Nb1,16.483999252319336,5.974516868591309
0109333-Ti2,14.682999610900879,5.9747843742370605
0111982-Y2,12.470600128173828,5.9738078117370605
0109668-O2,4.424200057983398,5.972589492797852
0174238-Fe1,5.801799774169922,5.973421573638916
0191339-O2,3.392199993133545,5.969208240509033
0009973-O1,6.888700008392334,5.970871925354004
0179730-Sr3,6.6305999755859375,5.9720282554626465
0109770-O1,4.437399864196777,5.972599983215332
0009576-O1,6.994999885559082,5.973049640655518
0111508-La1,12.154999732971191,5.972174167633057
0142004-Fe3,5.587100028991699,5.972729682922363
0290243-O13,5.684299945831299,5.972687244415283
0178128-O2,2.73580002784729,5.971638202667236
0185027-O19,2.93530011177063,5.969176292419434
0167571-Fe7,6.132500171661377,5.970200061798096
0176178-O1,5.294899940490723,5.972569942474365
0111567-La4,14.21619987487793,5.972377300262451
0289952-Ce1,12.576800346374512,5.972675800323486
0109092-O2,6.187600135803223,5.971627712249756
0167571-O16,3.418800115585327,5.969307899475098
0135701-Ba3,8.70740032196045,5.969446182250977
0136334-Co4,3.0009000301361084,5.975241661071777
0159784-Ti1,11.05150032043457,5.9746012687683105
0193122-Mn4,4.80210018157959,5.979311943054199
0185492-O2,2.4691998958587646,5.969963550567627
0185027-O50,3.5422000885009766,5.968457221984863
0011304-O1,3.8859000205993652,5.971305847167969
0009973-Mg1,8.73490047454834,5.972172737121582
0185027-O9,3.000699996948242,5.969372749328613
0163417-La1,13.055399894714355,5.972250938415527
0191847-Fe2,1.4641000032424927,5.972466468811035
0167571-O2,3.1798999309539795,5.9688310623168945
0171017-O5,3.075000047683716,5.971373558044434
0290198-O2,5.490300178527832,5.9705986976623535
0115344-O8,1.1015000343322754,5.969679832458496
0109458-O6,5.419600009918213,5.971092700958252
0010528-Co1,3.438800096511841,5.977872371673584
0125741-O2,2.247999906539917,5.971701622009277
0012201-Fe1,5.564199924468994,5.97209358215332
0289796-O12,5.630000114440918,5.971462249755859
0290206-O1,5.510700225830078,5.971796035766602
0111316-Sr1,8.34749984741211,5.973884582519531
0109092-Y3,13.983099937438965,5.9734344482421875
0179730-O5,4.239699840545654,5.971616268157959
0185027-O17,2.9763998985290527,5.9692254066467285
0185027-Ba6,6.855100154876709,5.9680094718933105
0185027-O6,3.196000099182129,5.969139575958252
0179730-O3,3.9846999645233154,5.971663951873779
0162339-O10,3.2885000705718994,5.969925403594971
0142004-O25,3.1440000534057617,5.969659328460693
0142004-Fe7,5.229599952697754,5.970364093780518
0169661-O4,1.9507999420166016,5.969162464141846
0185027-O38,3.2723000049591064,5.968462944030762
0142004-Fe2,5.678299903869629,5.972856521606445
0195961-O7,4.702000141143799,5.973327159881592
0153176-O21,3.654099941253662,5.969409942626953
0289796-O13,5.920100212097168,5.971772193908691
0117270-O11,1.2961000204086304,5.9705281257629395
0185107-Ba1,8.862199783325195,5.9679484367370605
0153176-O6,3.0917000770568848,5.969488620758057
0153176-O5,3.115000009536743,5.969552516937256
0117270-O7,2.3331000804901123,5.970858097076416
0185027-Ba8,6.438499927520752,5.968002796173096
0110289-O2,3.067500114440918,5.970746040344238
0108933-Sr1,9.946999549865723,5.972277641296387
0289838-Ce1,17.138200759887695,5.971786022186279
0143474-O4,3.6740000247955322,5.9709014892578125
0177189-O2,4.303800106048584,5.9718098640441895
0194560-Nb1,14.699899673461914,5.978456974029541
0113386-O6,5.950399875640869,5.970256328582764
0170770-O1,5.36299991607666,5.968164443969727
0289796-O1,5.821700096130371,5.97137975692749
0289838-O1,3.5104000568389893,5.971077919006348
0185027-Ba9,6.537700176239014,5.966728210449219
0185027-Ba20,6.627600193023682,5.967206001281738
0290198-Ce1,15.385199546813965,5.9713592529296875
0153176-Fe10,2.7676000595092773,5.972076416015625
0185027-Fe13,4.999899864196777,5.970812797546387
0135701-Mn3,8.533100128173828,5.977653503417969
0125667-O1,2.74429988861084,5.971470832824707
0107855-Ca2,8.732399940490723,5.969964981079102
0153176-O14,3.3178999423980713,5.969160079956055
0289876-O2,3.8986001014709473,5.970875263214111
0147283-O1,3.251699924468994,5.971673965454102
0155205-O2,2.5041000843048096,5.971716403961182
0112334-Y1,14.234299659729004,5.974012851715088
0185165-Ba1,4.594699859619141,5.969747543334961
0170770-Ca1,5.555200099945068,5.966790676116943
0188731-O3,3.964099884033203,5.971826076507568
0108427-Sr1,10.588700294494629,5.972604274749756
0178128-Mn1,5.758699893951416,5.979523181915283
0171017-Co1,4.304999828338623,5.976754665374756
0185205-O3,2.2623000144958496,5.968316555023193
0111567-O5,5.749499797821045,5.971620559692383
0155087-O3,3.933799982070923,5.970024585723877
0169441-O4,2.774899959564209,5.96916389465332
0185408-O1,0.6037999987602234,5.971208095550537
0111982-O4,6.657199859619141,5.971601963043213
0118499-O3,2.3538999557495117,5.969571113586426
0009684-Fe1,0.9293000102043152,5.971585273742676
0177189-Mn1,4.767099857330322,5.9799628257751465
0171017-Co2,5.203999996185303,5.977238655090332
0125741-O3,2.6124000549316406,5.971506118774414
0191847-O2,3.2435998916625977,5.969078540802002
0109710-Ti1,14.899399757385254,5.973094940185547
0111542-O1,6.500699996948242,5.970085144042969
0142004-Fe8,6.011499881744385,5.9703569412231445
0170164-O1,2.2039999961853027,5.970991134643555
0141559-O1,5.412899971008301,5.970921039581299
0171017-O6,2.9495999813079834,5.971357345581055
0011764-O1,4.910900115966797,5.972024440765381
0009596-Ca1,8.426600456237793,5.967011451721191
0116531-Fe3,5.621500015258789,5.972409725189209
0110733-O2,4.646900177001953,5.9718337059021
0160074-Fe1,0.8126000165939331,5.974623203277588
0108699-Ti2,15.222599983215332,5.9755072593688965
0185027-O37,3.2644999027252197,5.968474864959717
0169397-O2,2.4289000034332275,5.971234321594238
0159759-Sr1,8.780799865722656,5.971909046173096
0159759-O1,1.0297000408172607,5.971209526062012
0167571-Fe17,5.849800109863281,5.972115993499756
0147283-O13,3.0627999305725098,5.971897602081299
0010731-Ti1,16.663000106811523,5.9733076095581055
0289796-O11,5.901299953460693,5.972553730010986
0185027-Fe9,4.1149001121521,5.970632553100586
0185492-O4,2.2385001182556152,5.970033645629883
0119208-Nb1,13.100799560546875,5.979082107543945
0289663-O1,5.959000110626221,5.969072341918945
0116531-Fe12,5.978499889373779,5.971176624298096
0162339-O4,3.310800075531006,5.9710307121276855
0108190-Y3,11.924500465393066,5.9725871086120605
0111479-O2,5.39300012588501,5.972271919250488
0109770-Ca1,9.831600189208984,5.974119663238525
0167571-Fe8,5.999000072479248,5.970264434814453
0185027-O29,3.143399953842163,5.968721866607666
0167571-Fe5,5.749300003051758,5.969992160797119
0111567-Ti2,14.484999656677246,5.974390029907227
0185027-O45,3.620699882507324,5.968105316162109
0185205-Ba2,6.85830020904541,5.969172477722168
0155087-Ca1,6.693900108337402,5.969813346862793
0185027-O4,3.375699996948242,5.96907377243042
0126437-Mg2,8.82979965209961,5.975463390350342
0188731-Nb1,14.40820026397705,5.975956439971924
0124785-O3,5.401599884033203,5.970850944519043
0009540-O1,6.994999885559082,5.973049640655518
0009594-O1,5.69189977645874,5.96759033203125
0182299-Nb1,16.04669952392578,5.976343154907227
0185492-Ba2,8.555100440979004,5.96980619430542
0167571-O22,3.4612998962402344,5.969006061553955
0125741-Mn1,9.962300300598145,5.979356288909912
0290080-O2,5.509900093078613,5.970748424530029
0167571-O10,2.781899929046631,5.969146728515625
0136293-O8,2.33489990234375,5.971249103546143
0171017-O7,1.6965999603271484,5.971724510192871
0142004-O26,3.4277000427246094,5.96969747543335
0178128-O3,3.0485999584198,5.971843719482422
0289796-O3,5.837600231170654,5.970841407775879
0290125-O3,4.331299781799316,5.973330020904541
0146652-Sr2,8.83590030670166,5.972659587860107
0110733-O1,4.742400169372559,5.9720001220703125
0126839-O3,1.914199948310852,5.972102165222168
0185027-O55,3.1686999797821045,5.968815326690674
0193122-La1,10.01259994506836,5.969654560089111
0195961-O1,4.623799800872803,5.974157333374023
0174238-La1,11.17870044708252,5.970292091369629
0124041-O1,3.421099901199341,5.9705095291137695
0289663-O4,6.011300086975098,5.9695940017700195
0142004-O23,3.1789000034332275,5.969728946685791
0167571-Fe11,6.545499801635742,5.972204685211182
0193122-O4,2.99780011177063,5.971603870391846
0167571-Fe4,5.670899868011475,5.9720778465271
0109458-Ti5,14.970800399780273,5.97548770904541
0011233-Mn1,5.800000190734863,5.97926664352417
0116531-O15,3.2829999923706055,5.968536376953125
0109458-O9,5.99370002746582,5.972164154052734
0117270-O9,2.524199962615967,5.970957279205322
0147283-O14,3.1187000274658203,5.971901893615723
0108321-O2,6.377799987792969,5.972532749176025
0111567-La1,13.396599769592285,5.972752571105957
0153176-O1,3.081199884414673,5.96915864944458
0136334-O3,4.105299949645996,5.970547199249268
0194560-O1,5.260900020599365,5.972700595855713
0142463-Sr1,7.496099948883057,5.969923496246338
0142004-O5,3.361799955368042,5.969728469848633
0194281-Sr1,8.815400123596191,5.9718403816223145
0108190-Ba3,7.805099964141846,5.96956205368042
0116531-O3,3.606600046157837,5.968227386474609
0126839-Sr2,9.614399909973145,5.972488880157471
0178128-O1,2.7216999530792236,5.971638202667236
0011908-Ni1,2.5927999019622803,5.97467041015625
0185027-O40,3.8601999282836914,5.9686198234558105
0010720-Ti1,14.322799682617188,5.975821018218994
0107269-O2,6.184999942779541,5.970546722412109
0169441-Ba2,7.645699977874756,5.968527793884277
0174238-O2,4.3815999031066895,5.969974994659424
0118499-Co2,3.8736000061035156,5.975582122802734
0185027-O70,2.726900100708008,5.969057559967041
0142463-Fe1,6.121200084686279,5.975390911102295
0117270-O10,2.3703999519348145,5.971314430236816
0167571-Fe10,6.8069000244140625,5.97264289855957
0011671-O1,2.085900068283081,5.971861839294434
0009499-Al1,9.585100173950195,5.97294807434082
0185027-Fe17,3.8526999950408936,5.970958709716797
0177189-Y1,10.524499893188477,5.973509311676025
0115470-Fe2,6.692299842834473,5.971428871154785
0011911-Fe2,6.439700126647949,5.972899913787842
0011752-Ni1,3.5078001022338867,5.975117206573486
0109458-Ti1,14.935199737548828,5.973921775817871
0136293-O11,0.3352999985218048,5.971007823944092
0154647-O2,4.1209001541137695,5.968154430389404
0111567-O10,5.720699787139893,5.971568584442139
icsd16404-La1,7.738500118255615,5.971853733062744
0169661-O1,2.099900007247925,5.96915864944458
0135701-O5,2.811000108718872,5.970342636108398
0153176-O15,3.420799970626831,5.969089508056641
0142463-O1,1.98580002784729,5.970887184143066
0010576-Mn1,4.460400104522705,5.9789910316467285
0147283-O3,3.106100082397461,5.971634864807129
0289876-O1,3.926500082015991,5.971148490905762
0145133-Mn1,5.593699932098389,5.978882312774658
0179730-Sr1,6.954100131988525,5.972628593444824
0124041-O2,4.124100208282471,5.9712629318237305
0290005-O1,6.044899940490723,5.971531867980957
0289618-Ba1,9.2391996383667,5.969167709350586
0185205-O2,2.847899913787842,5.9687066078186035
0116531-Ba4,8.58080005645752,5.967555999755859
0185027-Fe18,4.175600051879883,5.970935821533203
0185027-O27,3.151400089263916,5.968713760375977
0142004-O9,2.99399995803833,5.969313621520996
0010389-Co1,3.226900100708008,5.977886199951172
0187243-O1,1.7236000299453735,5.971171855926514
0136293-Sr1,8.652700424194336,5.972482204437256
0136665-Sr1,6.684000015258789,5.972841739654541
0289691-O3,5.092100143432617,5.970769882202148
0185027-Fe27,4.193399906158447,5.972071647644043
0116531-O21,3.5861001014709473,5.9687042236328125
0107269-Ca2,10.067500114440918,5.971524715423584
0111982-Sr1,7.9166998863220215,5.9730119705200195
0109684-Ba1,8.407699584960938,5.970794677734375
0159759-O3,0.5224000215530396,5.970587253570557
0135701-Ba1,8.607600212097168,5.969505786895752
0142004-O3,3.2139999866485596,5.970059394836426
0161406-Sr1,8.346799850463867,5.971904754638672
0171017-O12,1.1119999885559082,5.971685409545898
0136334-O2,4.38040018081665,5.9703288078308105
0136334-O7,2.5752999782562256,5.971202373504639
0153176-O12,3.198199987411499,5.969144344329834
0179580-O2,5.594399929046631,5.972476005554199
0182355-O1,4.544899940490723,5.969095230102539
0169441-O3,2.6558001041412354,5.968975067138672
0289949-Ce1,15.872300148010254,5.970225811004639
0184694-Ba2,7.414400100708008,5.9702606201171875
0170164-Co2,4.624599933624268,5.976728916168213
0153176-Fe16,5.287399768829346,5.972341060638428
0193429-O1,1.773900032043457,5.972026348114014
0107269-O9,6.126699924468994,5.970372676849365
0135701-O6,2.404099941253662,5.9703898429870605
0108190-O3,6.105299949645996,5.9704742431640625
0167571-Fe15,5.4274001121521,5.972188949584961
0153176-O4,3.11680006980896,5.969526767730713
0185492-O3,2.5039000511169434,5.97033166885376
0120257-La1,8.747300148010254,5.971859455108643
0011304-Mn2,4.794300079345703,5.979037761688232
0107855-O8,6.114299774169922,5.969935894012451
0145761-Mn1,2.9047000408172607,5.979438781738281
0185027-Fe4,3.7936999797821045,5.9726481437683105
0153176-Fe13,5.03849983215332,5.972115516662598
0167571-O17,3.500499963760376,5.969213485717773
0185408-O2,1.7120000123977661,5.970939636230469
0163417-Mn1,8.340999603271484,5.979048252105713
0185205-O1,2.6054000854492188,5.968542098999023
0167571-O28,3.5553998947143555,5.969574928283691
0147283-O5,2.9128000736236572,5.971958160400391
0110854-O2,6.053500175476074,5.971242904663086
0109458-O1,5.8796000480651855,5.970996856689453
0108689-O2,5.125100135803223,5.972354888916016
0159784-Fe1,2.340399980545044,5.973482608795166
0290102-Nb1,17.1028995513916,5.979046821594238
0155087-Co2,4.7683000564575195,5.976136207580566
0142004-Fe9,6.60099983215332,5.972691059112549
0185027-O41,3.8977999687194824,5.9686198234558105
0107855-O1,6.640399932861328,5.970315456390381
0195961-Nb2,16.2460994720459,5.9790472984313965
0136293-O12,0.3052000105381012,5.971024036407471
0289796-Nb2,16.624000549316406,5.973692417144775
0185027-Fe6,3.9042000770568848,5.972102165222168
0147283-Sr5,8.274399757385254,5.972353935241699
0290198-Sr1,8.331000328063965,5.9723076820373535
0161406-Sr2,8.753199577331543,5.971279144287109
0108933-O7,6.248199939727783,5.9714202880859375
0126619-Mn1,4.273799896240234,5.977919101715088
0156399-Co1,2.4177000522613525,5.974847316741943
0011562-O1,3.704400062561035,5.969058990478516
0136293-Co2,5.052299976348877,5.977777004241943
0136334-Co1,2.601599931716919,5.974886417388916
0107702-Ca1,10.768699645996094,5.971569538116455
0289691-O2,5.747799873352051,5.9717888832092285
0167571-O1,3.173799991607666,5.969708442687988
0195961-O6,4.853300094604492,5.973348140716553
0188731-O2,4.223800182342529,5.971629619598389
0162339-Fe5,4.658100128173828,5.974583148956299
0153176-Fe17,5.313600063323975,5.972201347351074
0185027-O54,3.3636999130249023,5.9673590660095215
0171017-O9,1.7075999975204468,5.971682071685791
0149894-O4,4.973499774932861,5.9719767570495605
0289796-O8,5.868000030517578,5.971357345581055
0290062-Ti1,14.685700416564941,5.974813938140869
0147283-O6,2.7648000717163086,5.971930980682373
0170164-O3,2.1772000789642334,5.9710516929626465
0109684-O1,3.607800006866455,5.970310688018799
0159784-O2,5.2870001792907715,5.971395015716553
0009572-Al1,9.310999870300293,5.974813461303711
0136293-O9,0.28349998593330383,5.971033096313477
0185027-O26,3.0934998989105225,5.968810081481934
0134600-Mn1,2.203200101852417,5.977456092834473
0109333-O1,5.511099815368652,5.970745086669922
0126839-O2,2.6972999572753906,5.971656322479248
0159544-Sr1,8.569100379943848,5.9720048904418945
0010375-Ba1,8.772899627685547,5.97048282623291
0187243-Co1,6.927499771118164,5.977850914001465
0110270-O2,3.2737998962402344,5.9721269607543945
0125667-O2,2.1449999809265137,5.971683979034424
0163417-O1,3.6029000282287598,5.971617221832275
0185027-Ba7,6.597899913787842,5.968021392822266
0108927-O1,6.56879997253418,5.970396518707275
0193122-Mn2,5.743000030517578,5.97885799407959
0147283-O11,2.0785999298095703,5.971532821655273
0144940-O4,4.078800201416016,5.972062587738037
0289862-O2,6.649499893188477,5.970423221588135
0110854-La2,13.874799728393555,5.971613883972168
0185027-O39,3.875200033187866,5.968601703643799
0154647-Ba1,5.906000137329102,5.969114780426025
0193122-O1,2.7992000579833984,5.971608638763428
0117270-Mn4,4.86899995803833,5.979053974151611
0136334-O6,2.81469988822937,5.970414161682129
0135701-Mn2,8.481599807739258,5.977251052856445
0009808-Fe1,6.990300178527832,5.972049236297607
0153176-Fe9,4.185100078582764,5.96975564956665
0143474-Sr2,7.736599922180176,5.969888687133789
0136334-O4,3.871799945831299,5.970712661743164
0290243-Sr2,10.253600120544434,5.974222660064697
0146652-O3,3.140500068664551,5.971827983856201
0107847-Al1,11.253000259399414,5.972963333129883
0161406-Sr3,8.53849983215332,5.97124719619751
0146652-O4,2.463099956512451,5.971992015838623
0108927-O2,6.587299823760986,5.9703545570373535
0110270-In1,7.477200031280518,5.973115921020508
0144307-O1,5.558700084686279,5.97286319732666
0113386-O3,3.7558999061584473,5.969968318939209
0109333-O2,5.448500156402588,5.971031188964844
0136334-La2,8.691100120544434,5.971722602844238
0136665-Co1,4.5432000160217285,5.97730016708374
0109458-O4,5.572999954223633,5.971919536590576
0153176-O10,3.4077999591827393,5.969947814941406
0289614-O1,5.013999938964844,5.969659805297852
0142004-Fe18,5.649099826812744,5.9724249839782715
0143825-O2,3.380199909210205,5.970215797424316
0185027-Ba15,6.892600059509277,5.967009544372559
0136261-Co1,3.9916000366210938,5.9774699211120605
0108446-Al1,13.795599937438965,5.974233150482178
0109668-Y2,14.413100242614746,5.974681854248047
0185027-O53,3.2867000102996826,5.967371940612793
0109458-Ba1,9.952099800109863,5.9710693359375
0149894-O1,4.841700077056885,5.9718852043151855
0009859-In1,6.389900207519531,5.975742816925049
0136334-La3,8.737000465393066,5.971439838409424
0111479-Sr1,8.8725004196167,5.972534656524658
0153176-O8,3.122999906539917,5.969363689422607
0193429-Mn1,8.62440013885498,5.979583740234375
0111316-O1,4.45389986038208,5.973050117492676
0185027-O60,3.612799882888794,5.968574523925781
0116531-O18,3.3608999252319336,5.969564914703369
0119208-O2,5.189199924468994,5.972873210906982
0142004-O14,3.574199914932251,5.969515800476074
0176178-O3,5.70389986038208,5.9732890129089355
0159759-Fe1,6.2052001953125,5.975439071655273
0142004-Fe11,6.996699810028076,5.9726481437683105
0194281-O1,1.8798999786376953,5.971916198730469
0176585-O1,4.528800010681152,5.9737043380737305
0188787-O2,4.545100212097168,5.97064733505249
0170164-Mn1,7.384200096130371,5.979438304901123
0011908-Mn1,5.222499847412109,5.979334831237793
0115344-Fe3,6.045899868011475,5.973099231719971
0185027-Fe3,4.191699981689453,5.972660541534424
0111982-Y1,13.205400466918945,5.973531723022461
0010079-Sr1,7.702199935913086,5.972771167755127
0185107-Ba2,8.350500106811523,5.970217704772949
0126839-Sr1,9.178000450134277,5.972352981567383
0107269-Al4,13.188300132751465,5.9732890129089355
0010731-O1,5.932799816131592,5.9694108963012695
0182299-Sr3,8.753199577331543,5.973039150238037
0011911-O2,3.7720000743865967,5.969368934631348
0167571-O4,3.1821000576019287,5.968934535980225
0111479-O3,5.4334001541137695,5.971915245056152
0144940-Y1,12.593600273132324,5.973755359649658
0289949-La1,13.804800033569336,5.9699177742004395
0110289-O3,3.544100046157837,5.969954967498779
0108143-Al2,13.13379955291748,5.97272253036499
0136665-O1,2.3740999698638916,5.971758842468262
0117270-O3,1.5426000356674194,5.97161340713501
0289796-Ca2,10.413299560546875,5.971627712249756
0167571-O25,3.1846001148223877,5.9693498611450195
0185027-Ba4,6.57450008392334,5.968440055847168
0109668-O3,3.939300060272217,5.97313928604126
0147283-Mn3,9.343600273132324,5.979058265686035
0290296-Y2,14.109100341796875,5.973948001861572
0120257-O3,4.97629976272583,5.970542907714844
0107702-O2,6.390900135040283,5.9708123207092285
0177189-O1,4.3470001220703125,5.972421169281006
0193122-Mn5,4.69189977645874,5.979013442993164
0120257-O5,5.249599933624268,5.970521450042725
0143825-Fe1,9.67710018157959,5.973078727722168
0107847-O1,6.023900032043457,5.970529556274414
0289874-O1,6.451000213623047,5.972019195556641
0154647-Ni1,3.3991000652313232,5.969621181488037
0185107-Co1,5.677000045776367,5.975955486297607
0156399-O1,5.103899955749512,5.970302581787109
0136293-O6,2.380000114440918,5.971210479736328
0009808-O1,3.5343000888824463,5.969359874725342
0161406-O1,1.760699987411499,5.970864772796631
0185408-Mn1,5.119200229644775,5.979642391204834
0167571-Fe9,6.654099941253662,5.972473621368408
0142004-O13,3.3887999057769775,5.969460964202881
0185492-Mn1,8.807900428771973,5.977887153625488
0142004-O18,3.275399923324585,5.96951961517334
0143825-O3,3.684000015258789,5.970077037811279
0144940-Mn2,8.253000259399414,5.979621410369873
0107855-O5,6.542799949645996,5.969867706298828
0167571-Fe16,5.026199817657471,5.9722065925598145
0167571-O3,3.1986000537872314,5.96981954574585
0171017-Co4,4.816999912261963,5.9768195152282715
0185027-O48,3.5436999797821045,5.96848201751709
0109333-Ba1,9.94950008392334,5.97108268737793
0193359-Ni1,2.500200033187866,5.974600315093994
0289774-O1,5.706099987030029,5.970723628997803
0145761-Mn2,3.6087000370025635,5.9788899421691895
0162339-Sr3,7.13040018081665,5.969675064086914
0162339-O8,3.652899980545044,5.970766544342041
0108446-O1,6.603899955749512,5.972751617431641
0289874-Al1,12.553199768066406,5.973999977111816
0142004-O10,2.9809999465942383,5.969618797302246
0289796-O10,5.429900169372559,5.970611572265625
0290243-O5,5.680200099945068,5.972650051116943
0144940-Mn1,8.100700378417969,5.979302406311035
0185027-Ba26,6.17080020904541,5.968327522277832
0009648-O1,4.120100021362305,5.9709086418151855
0171017-Sr5,7.688600063323975,5.972451210021973
0167571-Fe14,6.356400012969971,5.972123622894287
0142463-O2,2.2500998973846436,5.971585750579834
0149894-O3,4.469699859619141,5.9721221923828125
0153176-O25,3.6445999145507812,5.969344615936279
0143825-Ti1,12.863100051879883,5.974476337432861
0153176-O13,3.1672000885009766,5.969189167022705
0009931-O1,4.412600040435791,5.972881317138672
0289591-Fe1,2.967900037765503,5.974329471588135
0141559-Ti1,8.676300048828125,5.974335670471191
0167571-O26,3.0209999084472656,5.969435691833496
0290206-Sr1,8.440600395202637,5.971897602081299
0185027-O33,3.6870999336242676,5.968647480010986
0151582-O2,5.975900173187256,5.973514556884766
0108933-O4,6.34689998626709,5.971545696258545
0111567-La2,13.267200469970703,5.972343921661377
0109668-Y1,14.553899765014648,5.974972724914551
0147283-Sr2,8.578200340270996,5.972616672515869
0167571-Ba2,8.60949993133545,5.968390941619873
0118499-O2,2.254699945449829,5.969456672668457
0195961-Nb3,16.18000030517578,5.979053974151611
0107855-Ca3,10.305299758911133,5.969573020935059
0135701-O4,2.78629994392395,5.970484256744385
0169661-Ba1,7.232999801635742,5.969424247741699
0120257-O1,5.174600124359131,5.970150470733643
0108143-Ba2,9.513899803161621,5.9703497886657715
0107269-O10,6.320899963378906,5.970807075500488
0107269-O5,6.433599948883057,5.970750331878662
0111982-O3,6.670499801635742,5.971962928771973
0110854-O4,6.718900203704834,5.970897197723389
0171017-O10,1.1009999513626099,5.9718756675720215
0108427-Al1,13.440099716186523,5.974606513977051
0147283-O12,3.171799898147583,5.971953392028809
0193122-O3,2.8798999786376953,5.971549987792969
0115344-O10,0.8996000289916992,5.969662666320801
0010021-Ni1,3.24399995803833,5.973154544830322
0116531-O17,3.4570999145507812,5.9695634841918945
0171017-O11,1.1026999950408936,5.971797943115234
0144940-O2,4.179699897766113,5.971748352050781
0167571-O18,3.4507999420166016,5.969327449798584
0115470-O1,3.805000066757202,5.968514919281006
0011304-Mn1,5.494500160217285,5.9793243408203125
0116531-Fe6,6.042699813842773,5.971036434173584
0185027-Fe8,4.033599853515625,5.972087860107422
0185027-Ba27,6.643899917602539,5.968362331390381
0145133-O2,3.240799903869629,5.971668243408203
0109684-O2,3.9611001014709473,5.9694366455078125
0111479-Sr2,8.213000297546387,5.971769332885742
0185027-Fe21,4.519999980926514,5.970834732055664
0171017-Sr4,7.5879998207092285,5.9723639488220215
0162339-Fe4,4.174300193786621,5.972306728363037
0179730-Sr2,6.843999862670898,5.97189998626709
0290062-Mg1,9.34280014038086,5.973238468170166
0162339-O2,3.407399892807007,5.97093391418457
0153176-Fe15,5.01200008392334,5.972173690795898
0108927-O4,6.626200199127197,5.970528602600098
0144307-Nb1,16.983299255371094,5.978734970092773
0290243-Sr4,10.246299743652344,5.973774433135986
0112334-Ti1,15.099100112915039,5.97502326965332
0116531-Fe5,5.67710018157959,5.971059322357178
0107702-O1,6.242599964141846,5.971747875213623
0113386-O5,3.3083999156951904,5.970092296600342
0194560-O2,5.034599781036377,5.972314834594727
0185027-Ba17,6.710000038146973,5.967259407043457
0117270-Mn2,3.747499942779541,5.979125022888184
0151582-Al1,13.310799598693848,5.976837158203125
0011752-Mn1,6.118500232696533,5.979175090789795
0112035-O1,5.5218000411987305,5.972362041473389
0108927-Ba1,7.342199802398682,5.971479415893555
0009859-Mn1,6.263700008392334,5.981510162353516
0195961-O4,4.10129976272583,5.973320960998535
0143825-O1,3.4937000274658203,5.970717430114746
0290130-O2,5.10890007019043,5.970523834228516
0108190-Y4,12.597599983215332,5.971975803375244
0115344-O1,0.5393000245094299,5.969824314117432
0111567-O8,5.946599960327148,5.971649169921875
0009944-In2,7.2399001121521,5.973863124847412
0169661-O3,1.9810999631881714,5.96903657913208
0185027-O67,2.9131999015808105,5.969120025634766
0289796-Ca1,9.34850025177002,5.971947193145752
0169441-O2,2.4014999866485596,5.969043731689453
0135701-O3,3.0088999271392822,5.970249652862549
0159759-Sr2,7.9096999168396,5.969909191131592
0110156-O4,3.990600109100342,5.9737935066223145
0107269-Ca3,9.45199966430664,5.970605850219727
0185027-O28,3.101799964904785,5.968707084655762
0115344-Ba4,8.180999755859375,5.969428539276123
0146652-O2,2.2070999145507812,5.971081733703613
0109333-Ti1,15.234100341796875,5.973549842834473
0108321-Al1,12.586000442504883,5.974751949310303
0115470-O3,3.714400053024292,5.968677043914795
0153176-Fe5,4.019599914550781,5.970700740814209
0176585-In1,9.530599594116211,5.975287914276123
0176585-O2,4.811500072479248,5.973288059234619
icsd16404-O1,4.968500137329102,5.97084903717041
0009491-Co1,5.377900123596191,5.977779865264893
0145761-Ti1,7.825900077819824,5.975852966308594
0107702-O3,6.210700035095215,5.971027851104736
0185027-O36,3.211400032043457,5.968475818634033
0185027-O65,3.3624000549316406,5.968815803527832
0185107-O5,1.733199954032898,5.970447540283203
0290005-Mg1,9.379599571228027,5.9745564460754395
0110733-La1,12.887800216674805,5.973433494567871
0009499-O2,5.51039981842041,5.971699237823486
0011580-O2,3.5181000232696533,5.9692182540893555
0185027-Ba28,6.426700115203857,5.968341827392578
0185107-O2,1.6793999671936035,5.970213890075684
0110156-O2,4.0503997802734375,5.973687171936035
0153176-O26,3.2711000442504883,5.969150543212891
0143911-La1,13.65880012512207,5.973000526428223
0169397-La1,11.022700309753418,5.971260070800781
0108190-Y1,11.932499885559082,5.972586631774902
0156399-Co2,2.5190999507904053,5.9747538566589355
0289774-Ti1,15.187100410461426,5.973620414733887
0182299-O2,5.415500164031982,5.972491264343262
0178128-O4,2.439300060272217,5.971395969390869
0185027-Ba5,6.470600128173828,5.96799898147583
0289796-O5,5.8171000480651855,5.971499919891357
0108699-Ti1,14.44909954071045,5.975582599639893
0290296-O1,6.573500156402588,5.971826076507568
0125667-Mn1,9.965800285339355,5.979380130767822
0110289-In2,6.8892998695373535,5.96992301940918
0169441-O1,2.203700065612793,5.968977451324463
0167571-O15,3.5327000617980957,5.969361782073975
0108321-O1,5.8592000007629395,5.972893714904785
0156399-La1,8.227999687194824,5.9721360206604
icsd427482-O4,6.563499927520752,5.9696478843688965
0118499-Ca1,7.247099876403809,5.969812870025635
0185027-O31,3.706199884414673,5.968660831451416
0136334-La4,8.688199996948242,5.970975875854492
0185165-Mn1,3.0125999450683594,5.9750165939331055
0109458-Ti2,14.378999710083008,5.975643157958984
0111567-O9,6.280200004577637,5.971706390380859
0289691-Nb2,16.186500549316406,5.973073959350586
0185027-O16,2.907599925994873,5.969201564788818
0170164-O5,3.0643999576568604,5.971546173095703
0289876-Mn1,4.276100158691406,5.977443218231201
0290296-Y1,14.018600463867188,5.973964214324951
0289796-Ca3,9.643699645996094,5.972148418426514
0136293-O4,3.196199893951416,5.971412658691406
0185027-O21,2.928800106048584,5.969124794006348
0171017-Sr2,7.665200233459473,5.972432613372803
0289934-O1,6.360400199890137,5.9698076248168945
0142004-O21,3.2641000747680664,5.96969747543335
0109668-In1,8.559800148010254,5.974315643310547
0185027-Ba1,6.6956000328063965,5.968457221984863
0289774-O2,5.770699977874756,5.970277786254883
0126839-O4,1.902500033378601,5.972044944763184
0111567-Ti1,14.596099853515625,5.974364280700684
0115344-O2,0.534600019454956,5.969876766204834
0112035-Ti1,15.16450023651123,5.975564956665039
0107702-Al1,13.354000091552734,5.973614692687988
icsd427482-O3,6.682799816131592,5.970077991485596
0185027-O1,2.941800117492676,5.969267845153809
0144307-O3,5.892000198364258,5.973249912261963
0290125-Nb1,16.51810073852539,5.979870319366455
0116531-O7,3.5174999237060547,5.969343185424805
0195961-Nb1,16.29159927368164,5.979608535766602
0146652-O1,2.6393001079559326,5.971968173980713
0179730-Mn2,5.442399978637695,5.978459358215332
0142004-Fe13,5.800300121307373,5.9723663330078125
0153176-Fe6,3.1428000926971436,5.9726362228393555
0115344-Ba2,8.44480037689209,5.96948766708374
0155087-O4,3.5178000926971436,5.970342636108398
0136293-O2,2.8649001121520996,5.971479415893555
0151582-O4,5.603400230407715,5.973482608795166
0115344-Fe1,4.6834001541137695,5.972777843475342
0111479-Ti1,14.672699928283691,5.975430011749268
0136665-O3,2.409899950027466,5.971915245056152
0111567-O7,6.000400066375732,5.9716949462890625
0120257-O4,4.973999977111816,5.970578193664551
icsd16404-O2,5.960599899291992,5.970391750335693
0185027-O58,3.389400005340576,5.968772888183594
0185027-Ba24,6.5269999504089355,5.967317581176758
0012011-Mn1,8.490900039672852,5.9790568351745605
0174252-O2,4.980000019073486,5.969559192657471
0116531-O4,3.4672000408172607,5.968282699584961
0107702-Al2,12.958100318908691,5.974409580230713
0153176-Fe1,4.996399879455566,5.972004413604736
0009648-Co2,5.078499794006348,5.977471351623535
0290062-O2,6.381499767303467,5.971506595611572
0120257-La2,8.273599624633789,5.972062110900879
0107855-O6,6.262599945068359,5.970273494720459
0193359-O1,4.519000053405762,5.970224380493164
0153176-Fe11,2.736599922180176,5.972264289855957
0109092-O7,6.169600009918213,5.971690654754639
0136293-Co3,5.17140007019043,5.977972030639648
0162339-Sr2,7.330999851226807,5.969573974609375
0116531-O6,3.4082999229431152,5.969303607940674
0110156-In2,8.74899959564209,5.97564697265625
0145133-O1,3.1619999408721924,5.972011566162109
0109710-Ca1,9.332900047302246,5.970489501953125
0167571-Fe2,6.011899948120117,5.972866535186768
0167571-Fe6,5.811600208282471,5.97028112411499
0176178-Nb1,8.216400146484375,5.978425025939941
0142004-O4,3.2325000762939453,5.969587326049805
0290080-Ti1,15.479999542236328,5.975147247314453
0142004-Fe14,5.767300128936768,5.9723711013793945
0161406-O3,1.863800048828125,5.970896244049072
0107269-O7,6.265600204467773,5.970300674438477
0161406-Fe1,5.594200134277344,5.9746222496032715
0011580-Ni1,3.26200008392334,5.972884654998779
0191339-Fe1,2.650099992752075,5.970578193664551
0134600-O1,4.790900230407715,5.970926284790039
0011233-O1,4.173600196838379,5.970991611480713
0289949-O2,5.416299819946289,5.970962047576904
0107855-Al2,12.908699989318848,5.971739292144775
0194582-O1,5.421899795532227,5.973291397094727
0289862-Ce1,5.9145002365112305,5.970553398132324
0289663-O3,6.053599834442139,5.969435214996338
0145133-Sr1,7.69950008392334,5.971807479858398
0289832-O2,6.513500213623047,5.971783638000488
0108143-Al1,13.075200080871582,5.972705841064453
0185027-O7,3.017400026321411,5.969388484954834
0109668-O4,3.766700029373169,5.973082542419434
0289591-O1,6.191100120544434,5.972164630889893
0136665-Co2,4.098800182342529,5.977087020874023
0162339-O1,3.3987998962402344,5.970893859863281
0117270-O2,1.726099967956543,5.9715657234191895
0142004-Fe19,5.734000205993652,5.972332954406738
0012201-Mn1,5.456099987030029,5.977249622344971
0163417-Mn2,8.270400047302246,5.9786787033081055
0159544-Fe1,6.168300151824951,5.975421905517578
0184694-Ba1,8.761899948120117,5.968957424163818
0136334-O9,2.4419000148773193,5.970479965209961
0136293-Sr2,9.307100296020508,5.972507476806641
0012201-O1,4.084799766540527,5.969511032104492
0153176-O20,3.6340999603271484,5.9692912101745605
0124785-O1,4.7266998291015625,5.970597267150879
0143474-O5,3.4574999809265137,5.9695563316345215
0171017-Co3,5.1194000244140625,5.977461814880371
0111567-O2,5.710000038146973,5.972191333770752
0111085-O1,5.887899875640869,5.971456527709961
0184694-O2,3.250200033187866,5.96994686126709
0108933-O8,6.2083001136779785,5.971630096435547
0153176-Fe14,5.0081000328063965,5.972166061401367
0185027-Fe25,4.222700119018555,5.972075462341309
0108933-O1,6.296800136566162,5.9714860916137695
0109684-In1,6.941999912261963,5.968461036682129
0111085-O2,5.7683000564575195,5.971841812133789
0289663-Ti1,14.398200035095215,5.9708781242370605
0289729-Ca1,7.750400066375732,5.967678070068359
0108427-O1,6.160099983215332,5.971959590911865
0142004-O8,3.3197999000549316,5.969645023345947
0009944-In1,6.422800064086914,5.973395824432373
0109684-Ba2,7.881199836730957,5.970106601715088
0147283-O7,3.7455999851226807,5.971790790557861
0109458-O2,5.561800003051758,5.971259593963623
0185027-O8,2.936800003051758,5.969372272491455
0193429-Sr2,8.338299751281738,5.9717488288879395
0170164-O6,2.4451000690460205,5.97103214263916
0010438-Mn1,4.521999835968018,5.978979110717773
0188787-Y1,11.597299575805664,5.971938610076904
0143474-O1,3.686199903488159,5.970672607421875
0167571-O20,3.500699996948242,5.969419956207275
0012072-Mn1,8.729999542236328,5.979048252105713
0167571-O5,3.4677000045776367,5.969427108764648
0154647-O1,3.9649999141693115,5.967541694641113
0009499-Al2,9.816800117492676,5.974249362945557
0145761-O1,5.341000080108643,5.972041606903076
0113386-Fe2,7.392000198364258,5.973355770111084
0147283-Sr3,9.09630012512207,5.972332954406738
0107855-Al1,13.036399841308594,5.972543716430664
0142004-O7,3.315000057220459,5.96964693069458
0179730-O4,4.054900169372559,5.971700191497803
0185027-O59,3.376300096511841,5.9686598777771
0107269-O4,6.295400142669678,5.970794677734375
0147283-Sr6,8.338600158691406,5.972415924072266
0185027-O69,2.8940999507904053,5.969094753265381
0179730-O1,3.7441000938415527,5.971750736236572
0185107-Co2,5.020400047302246,5.975124359130859
0111567-La3,14.280900001525879,5.972001552581787
0290080-O1,5.662300109863281,5.971775531768799
0109333-O4,6.007800102233887,5.971153736114502
0290130-O1,5.128600120544434,5.969998836517334
0141559-O2,5.414000034332275,5.971011638641357
0010720-O1,4.963600158691406,5.972084045410156
0167571-Fe3,5.171599864959717,5.972165107727051
0176178-Fe1,2.8505001068115234,5.975094318389893
0170164-Mn2,7.577899932861328,5.979584693908691
0289952-Mg1,6.223899841308594,5.9712443351745605
0185027-O32,3.696899890899658,5.968675136566162
0289691-Ba1,9.021100044250488,5.970551013946533
0167571-O9,3.0299999713897705,5.969172954559326
0012299-Fe1,5.243500232696533,5.97205114364624
0126839-Mn1,9.086400032043457,5.979072570800781
0162339-Sr4,7.143099784851074,5.9696574211120605
0171017-O13,0.9632999897003174,5.971424579620361
0153176-Fe18,5.387199878692627,5.972280502319336
0108933-Al1,12.989500045776367,5.974072456359863
0162642-Y1,12.585100173950195,5.971364498138428
0117717-Ca1,5.091100215911865,5.96897029876709
0185027-O64,3.3173999786376953,5.968799591064453
0185027-O66,3.259399890899658,5.968799591064453
0110289-Ba1,8.211700439453125,5.9707746505737305
0108143-O4,6.140900135040283,5.970283031463623
0109092-O5,6.332200050354004,5.971980094909668
0153176-Fe4,4.046800136566162,5.9701104164123535
0142004-O2,3.1421000957489014,5.969837188720703
0109710-O1,5.514100074768066,5.970822334289551
0108143-Al4,12.979599952697754,5.972609043121338
0144940-O3,2.516900062561035,5.971850872039795
0155087-O2,3.323899984359741,5.970218658447266
0115344-O5,1.0306999683380127,5.969537258148193
0136665-O2,2.464600086212158,5.971932411193848
0153176-Fe2,6.365799903869629,5.972429275512695
0135701-Ba2,8.714200019836426,5.970542907714844
0136261-O1,2.753700017929077,5.971601486206055
0009921-In1,6.229100227355957,5.975593090057373
0185027-Fe10,3.8032000064849854,5.970631122589111
0194582-Mn1,5.242300033569336,5.981112480163574
0108190-Ba1,6.7758002281188965,5.9707746505737305
0135701-Mn1,8.645099639892578,5.976914882659912
0162642-Fe1,7.8028998374938965,5.973991870880127
0117270-Ba2,7.483399868011475,5.969457626342773
0136334-O1,4.367599964141846,5.970334529876709
0136293-Co1,4.999499797821045,5.977833271026611
0171017-Sr1,7.595200061798096,5.972448825836182
0108689-Y1,10.899999618530273,5.973842144012451
0108699-Ba1,9.116399765014648,5.970309734344482
0153176-O17,3.351300001144409,5.969077110290527
0290243-O6,5.69320011138916,5.972662925720215
0153176-O27,3.235300064086914,5.969160079956055
0012011-Ni1,4.496099948883057,5.975292682647705
0111316-O2,4.48390007019043,5.9730706214904785
0112334-O5,5.6579999923706055,5.971930027008057
0149539-Ni1,4.418399810791016,5.9755730628967285
0182299-Sr1,10.222100257873535,5.972504615783691
0117270-O1,1.8772000074386597,5.971351146697998
0124785-O2,4.7779998779296875,5.970505237579346
0115344-Ba1,8.502300262451172,5.969985008239746
0155205-Y1,11.420900344848633,5.97357702255249
0111085-La2,13.19890022277832,5.972424507141113
0107855-O9,6.376500129699707,5.9699602127075195
0116531-Fe7,5.770199775695801,5.971094131469727
0134600-O2,5.45959997177124,5.969814777374268
0142004-O20,3.4179999828338623,5.969546318054199
0124785-Fe1,1.53410005569458,5.974382400512695
0111085-La1,12.332200050354004,5.972508907318115
0108927-Y2,13.118900299072266,5.972541332244873
0111567-O12,6.1468000411987305,5.971080780029297
0193122-Mn1,5.937600135803223,5.978787422180176
0117270-O5,1.4804999828338623,5.970522403717041
0136293-O3,2.791300058364868,5.971457004547119
0167571-Fe19,6.313000202178955,5.9720892906188965
0147283-O15,3.0327000617980957,5.971874237060547
0011752-O1,3.057499885559082,5.970921039581299
0193429-O2,2.534899950027466,5.972317218780518
0116531-Fe9,5.849899768829346,5.971119403839111
0110270-O1,4.03879976272583,5.972354412078857
0011562-Fe2,5.556399822235107,5.972664833068848
0109092-O9,5.792900085449219,5.971616744995117
0162339-O5,3.5564000606536865,5.971018314361572
0109458-O7,5.2835001945495605,5.971179008483887
0185027-O62,3.4560000896453857,5.968642711639404
0107855-Al4,12.745699882507324,5.972409248352051
0119208-O3,5.740600109100342,5.973256587982178
0142004-O17,3.236299991607666,5.969470500946045
0162339-O3,3.4098000526428223,5.971015930175781
0169441-Ba1,6.641900062561035,5.967777252197266
0011671-Mn1,9.521599769592285,5.979481220245361
icsd427481-O1,6.525199890136719,5.969482898712158
0167571-Ba1,8.886699676513672,5.968421459197998
0185027-Fe28,3.841599941253662,5.972053050994873
0163417-O2,3.143399953842163,5.971391201019287
icsd427482-O2,6.551799774169922,5.969459533691406
0142004-Fe10,7.347300052642822,5.972824573516846
0185027-O5,3.423799991607666,5.969118118286133
0124785-Sr2,4.918900012969971,5.969355583190918
0142004-Fe15,5.168600082397461,5.972360610961914
0169441-Fe1,7.56879997253418,5.971683025360107
0153176-O18,3.501300096511841,5.969544887542725
0171017-Co5,5.655399799346924,5.977048873901367
0185027-Fe26,3.979599952697754,5.972062110900879
0009494-Mg1,9.542799949645996,5.975015163421631
0171017-O15,0.6908000111579895,5.971485137939453
0289952-O1,1.347000002861023,5.970229148864746
0146578-Mn2,8.80270004272461,5.979013919830322
0115470-O5,3.08270001411438,5.968366622924805
0009859-O1,4.213500022888184,5.97312068939209
0185027-Fe22,4.638700008392334,5.970841407775879
0188787-Fe1,5.165599822998047,5.974495887756348
0185027-O10,2.888700008392334,5.969364166259766
0143911-La2,12.991399765014648,5.972158432006836
0289796-O6,5.833600044250488,5.971681118011475
0169397-O1,2.6203999519348145,5.971291542053223
0153176-O11,3.2116000652313232,5.968931674957275
0010079-O1,6.570700168609619,5.971209526062012
0143911-O3,6.197999954223633,5.971488952636719
0169661-O2,2.3064000606536865,5.969252109527588
0113386-Al1,11.223699569702148,5.972726345062256
0143474-Sr1,7.392600059509277,5.969821929931641
0185107-Co3,5.083399772644043,5.974013328552246
0112334-O3,5.878600120544434,5.971921443939209
0107269-O11,6.373899936676025,5.970269680023193
0133995-O2,5.478400230407715,5.972421646118164
0110733-In1,8.313899993896484,5.970851898193359
0191339-Fe3,1.4359999895095825,5.972407341003418
0289691-Nb1,13.057600021362305,5.972856044769287
0119208-O1,6.025000095367432,5.972992897033691
0142004-O22,3.0088999271392822,5.969735145568848
0142004-O16,3.507200002670288,5.9695281982421875
0159759-O2,1.6842000484466553,5.971652984619141
0170357-O2,5.32859992980957,5.972518444061279
0109092-Al2,12.43589973449707,5.973564147949219
0010541-Ti1,14.643099784851074,5.975436687469482
0107269-Al1,12.711199760437012,5.973204135894775
0116531-O8,3.2532999515533447,5.969285488128662
0290243-Nb4,13.908699989318848,5.976191997528076
0141559-O3,5.4664998054504395,5.970882892608643
0194723-Ti1,9.917699813842773,5.975580215454102
0010438-O1,4.43149995803833,5.9702677726745605
0108933-O5,6.263000011444092,5.971460819244385
0185027-Ba10,6.642499923706055,5.966757774353027
0290243-O12,5.595799922943115,5.972662925720215
0290206-O2,5.338399887084961,5.97230863571167
0153176-O24,3.6338000297546387,5.969449520111084
0289614-Ba1,8.519599914550781,5.96872615814209
0185492-Mn2,8.677499771118164,5.976816177368164
0111316-In1,8.498900413513184,5.974837303161621
0109092-O4,6.795400142669678,5.971911907196045
0143474-O2,3.694999933242798,5.970762729644775
0134600-Ba1,3.6898000240325928,5.969969749450684
0109710-Ca2,8.869999885559082,5.970099925994873
0108933-O2,6.243199825286865,5.971394062042236
0108689-Al1,7.64109992980957,5.973772048950195
0195961-O10,5.087200164794922,5.9733123779296875
0108143-O5,6.09630012512207,5.970304489135742
0289796-Nb3,16.57659912109375,5.974498271942139
0117270-O8,2.3141000270843506,5.971261978149414
0116531-O22,3.396399974822998,5.968703269958496
0116531-O19,3.4094998836517334,5.968796730041504
0109092-Y1,14.353699684143066,5.97325325012207
0108427-Al2,13.00629997253418,5.974305629730225
0290243-O2,5.472400188446045,5.97283935546875
0170357-Co2,3.3008999824523926,5.979190826416016
0108427-O2,6.372600078582764,5.971743106842041
0144307-Mg1,10.3503999710083,5.97610330581665
0289796-O7,5.0731000900268555,5.971159934997559
icsd427482-Ce2,4.928599834442139,5.970287799835205
0012370-Mn1,3.0841000080108643,5.975426197052002
0185027-O44,3.5204999446868896,5.96807336807251
0185027-O47,3.467099905014038,5.968442916870117
0109458-O8,5.05049991607666,5.971341133117676
0289796-O14,5.5553998947143555,5.971331596374512
0290080-Mg1,9.583200454711914,5.9737772941589355
0108699-O2,5.21120023727417,5.971583366394043
0142004-Fe16,5.53000020980835,5.9723968505859375
0113386-O1,4.66540002822876,5.97136116027832
0115344-O4,0.4659000039100647,5.9697489738464355
0153176-O16,3.3278000354766846,5.969099521636963
0185027-Ba22,6.620699882507324,5.967291355133057
0178128-Mn3,5.239799976348877,5.979119300842285
0185107-O3,1.6998000144958496,5.970241546630859
0111567-O6,5.790599822998047,5.971570014953613
0108427-O4,6.731100082397461,5.971365928649902
0195961-O3,4.7453999519348145,5.973384857177734
0185027-O22,2.8928000926971436,5.969125270843506
0110270-In2,6.905700206756592,5.972683906555176
0290243-Nb3,16.665199279785156,5.97689151763916
0010375-O1,5.336900234222412,5.970705986022949
0009572-Mn1,6.025899887084961,5.9795122146606445
0153176-Ba1,8.435999870300293,5.96840763092041
0108190-Y2,12.546899795532227,5.972015380859375
0111982-O2,6.620800018310547,5.9714179039001465
0116531-O2,3.5308001041412354,5.968264102935791
0153176-O22,3.654099941253662,5.969278335571289
0117717-O1,4.02869987487793,5.968884468078613
0116531-Fe8,5.7434000968933105,5.970771789550781
0011562-O2,3.6120998859405518,5.9693922996521
0179580-Y1,13.361700057983398,5.973365783691406
0146578-O3,2.550100088119507,5.97196626663208
0120257-Co1,2.547800064086914,5.9747419357299805
0009889-In2,9.032099723815918,5.976070404052734
0185027-O11,3.3856000900268555,5.969244956970215
0116531-O16,3.2769999504089355,5.9685468673706055
0185027-O2,2.8236000537872314,5.969398498535156
0153176-Fe12,2.7588999271392822,5.972074508666992
0193429-Sr1,9.214900016784668,5.972280502319336
0290062-Mg2,9.138699531555176,5.973702430725098
0147283-O10,2.1314001083374023,5.971536636352539
0107269-O3,6.326300144195557,5.970681667327881
0010576-O1,4.429699897766113,5.97027063369751
0195961-O5,4.326900005340576,5.973453521728516
0009944-Ni1,4.060800075531006,5.976396083831787
0289862-O1,6.406199932098389,5.9695892333984375
0147283-Mn2,9.350600242614746,5.979299068450928
0009499-O1,6.246600151062012,5.971706390380859
0112334-O1,6.583899974822998,5.971963882446289
0147238-Nb1,9.755900382995605,5.978163719177246
0110156-O5,4.720300197601318,5.972625732421875
0124041-Sr1,6.113500118255615,5.969845771789551
0116531-O13,3.1182000637054443,5.968516826629639
0136334-O10,2.4888999462127686,5.970771789550781
0108699-O5,6.071599960327148,5.97097110748291
0185027-O15,3.0436999797821045,5.969104290008545
0012370-Ba1,5.082399845123291,5.969528675079346
0135701-O2,2.4482998847961426,5.969880104064941
0147283-Sr4,9.101400375366211,5.972381591796875
0113386-Al2,10.944499969482422,5.973633289337158
0176178-O2,5.00629997253418,5.972121715545654
0289952-O2,1.2091000080108643,5.970216274261475
0167571-Fe18,5.974400043487549,5.97222900390625
icsd427481-O3,6.620299816131592,5.9700775146484375
0011764-Ti1,15.234800338745117,5.975516319274902
0167571-O13,3.554800033569336,5.969296455383301
0107855-O2,6.151100158691406,5.969999313354492
0109770-In1,8.87559986114502,5.9758687019348145
0108321-Ti1,15.128999710083008,5.975620269775391
0108143-O3,6.184899806976318,5.970245838165283
0191847-Fe1,2.6768999099731445,5.970224380493164
0011580-Fe1,5.171000003814697,5.972111701965332
0184694-Mn1,10.895500183105469,5.976927280426025
0160074-Sr1,4.991499900817871,5.9688239097595215
0118499-Ca2,7.214200019836426,5.969562530517578
0116531-O9,3.6579999923706055,5.969320297241211
0153176-O23,3.660399913787842,5.969331741333008
0185027-Fe23,4.700900077819824,5.970862865447998
0142004-O27,3.0072999000549316,5.969817161560059
0290102-O2,4.787600040435791,5.972979545593262
0185027-Fe11,4.043799877166748,5.970671653747559
0185027-O63,3.3508999347686768,5.96880578994751
0116531-Ba1,7.8059000968933105,5.967755317687988
0108689-O1,3.576200008392334,5.9720139503479
0126437-Mg1,9.461999893188477,5.974928855895996
0110854-Ti1,15.01449966430664,5.973678112030029
0143911-O1,6.06879997253418,5.97165584564209
0107847-O3,6.698800086975098,5.970647811889648
0111542-La2,13.394100189208984,5.970100402832031
0136293-O5,2.8475000858306885,5.971481800079346
0174238-O1,4.3780999183654785,5.970270156860352
0142004-Fe17,5.678800106048584,5.972378253936768
0115470-Fe1,6.559599876403809,5.971429824829102
0136293-O7,2.4031999111175537,5.971201419830322
0149894-Ni2,3.788100004196167,5.976220607757568
0111085-Ti2,14.646100044250488,5.974254608154297
0155205-Co1,3.921299934387207,5.977540493011475
0193359-La1,8.542499542236328,5.971774578094482
0115344-O7,1.2223000526428223,5.969601631164551
0116531-Fe2,5.892099857330322,5.9720540046691895
0171017-Sr6,7.738999843597412,5.972382068634033
0162339-O6,3.480299949645996,5.970743656158447
0289934-O2,6.704899787902832,5.970367431640625
0290130-Ce1,15.933699607849121,5.973059177398682
0109092-O1,6.171299934387207,5.972143650054932
0167571-O19,3.38919997215271,5.96925687789917
0193122-O2,3.1600000858306885,5.971706390380859
0116531-Ba2,7.773099899291992,5.967691898345947
0107269-Al3,13.101699829101562,5.973599910736084
0185027-Ba11,6.560699939727783,5.966724872589111
0012370-O1,5.131800174713135,5.969273567199707
0136734-Co1,4.055099964141846,5.977914810180664
0185027-Ba19,6.638199806213379,5.967254161834717
0147283-Sr7,8.387399673461914,5.9724884033203125
0117270-O6,0.2849999964237213,5.970235824584961
0136334-O5,2.9001998901367188,5.970442771911621
0147283-O8,3.028599977493286,5.971804141998291
0167571-Fe12,6.78439998626709,5.972567558288574
0111567-Ti4,14.998900413513184,5.974216938018799
0108446-Al2,12.400500297546387,5.97465705871582
0194281-O2,2.646699905395508,5.972336769104004
0125741-O1,2.0803000926971436,5.971696853637695
0162339-O11,2.396699905395508,5.969909191131592
0147283-O4,3.1347999572753906,5.971640586853027
0289796-O9,5.613900184631348,5.97163724899292
0147238-Mn1,3.7414000034332275,5.9797258377075195
0289796-O2,5.49370002746582,5.971689701080322
0289832-O1,6.423999786376953,5.972270488739014
0153176-O7,3.117500066757202,5.9693284034729
0151582-O1,5.859099864959717,5.97230863571167
0009931-In1,8.468500137329102,5.975557804107666
0109710-O3,5.771399974822998,5.970089435577393
0117270-O12,1.448199987411499,5.9705963134765625
0162642-Fe2,6.494999885559082,5.972444534301758
0174252-Fe1,7.1255998611450195,5.972378730773926
0010375-O2,5.40369987487793,5.970816135406494
0147238-Mn2,3.560499906539917,5.98087739944458
0117270-Ba1,7.465000152587891,5.969170570373535
0115344-O6,1.207900047302246,5.96963357925415
0185027-O18,2.879199981689453,5.9691901206970215
0110854-O3,5.6118998527526855,5.970683574676514
0162339-O12,2.5880000591278076,5.970161437988281
0109092-O6,6.149199962615967,5.971800327301025
0194560-O3,5.661900043487549,5.97327995300293
0171017-O4,2.9465999603271484,5.971345901489258
0185027-O20,2.8587000370025635,5.969150066375732
0185027-O23,3.275399923324585,5.968786239624023
0162339-O9,3.1013998985290527,5.970788955688477
0161406-Fe2,5.8597002029418945,5.9750752449035645
0289691-Ba3,9.074999809265137,5.970002174377441
0193122-Mn3,5.648099899291992,5.978841304779053
0116531-Fe10,6.10830020904541,5.971197605133057
0156399-O2,5.40310001373291,5.970508575439453
0194582-Nb1,11.043499946594238,5.978859901428223
0108699-O1,5.434999942779541,5.972198963165283
icsd427481-O2,6.458799839019775,5.969415664672852
0153176-O3,3.057499885559082,5.969114303588867
0107855-O7,6.139900207519531,5.969874858856201
0109092-Y2,15.041899681091309,5.973330497741699
0011752-O2,2.7852001190185547,5.970698356628418
0009572-O1,6.138500213623047,5.972616672515869
0111542-La1,13.261099815368652,5.970089912414551
0167571-O12,3.2186999320983887,5.9691572189331055
0167571-Fe1,5.955900192260742,5.972899913787842
0195961-O9,4.961599826812744,5.973364353179932
0159544-O1,0.9340000152587891,5.971031665802002
0142004-O28,3.173799991607666,5.969764232635498
0115344-O3,0.2815000116825104,5.969578266143799
0290243-O11,5.811800003051758,5.973041534423828
0170164-Co1,5.053999900817871,5.977295875549316
0009576-Al1,12.368800163269043,5.975027561187744
0185027-O52,3.447999954223633,5.967381477355957
0133995-O1,5.200300216674805,5.972052574157715
0184694-O1,3.289599895477295,5.969986438751221
0108933-Sr2,9.826399803161621,5.9722676277160645
0009931-Mg1,9.588600158691406,5.976613521575928
0107855-Al3,12.723099708557129,5.97295618057251
0290243-Sr3,9.226400375366211,5.97320556640625
0009694-O1,4.225200176239014,5.969180583953857
0179730-O7,3.3577001094818115,5.971038341522217
0289614-Ce1,15.813799858093262,5.970282554626465
0185027-Ba3,6.756199836730957,5.968443393707275
0174252-O4,5.425300121307373,5.969736099243164
0009491-O1,6.2195000648498535,5.972578048706055
0179580-O1,2.1893999576568604,5.9721293449401855
0289729-O1,3.5518999099731445,5.968456268310547
0167571-O11,3.2083001136779785,5.9690842628479
0178128-Mn2,6.454599857330322,5.979127407073975
0145133-O3,3.50819993019104,5.971414566040039
0185027-Ba21,6.65369987487793,5.967318534851074
0289691-O1,5.894599914550781,5.971681118011475
0111567-O4,5.706200122833252,5.971230983734131
0108143-Al3,13.254300117492676,5.972722053527832
0107855-O4,6.527200222015381,5.970425605773926
0111567-O11,5.87060022354126,5.971064567565918
0142004-Fe5,5.61870002746582,5.9703450202941895
0171017-O1,2.8092000484466553,5.971471309661865
0111479-O1,5.117300033569336,5.97185754776001
0109333-O3,5.8221001625061035,5.970900535583496
0174252-La1,11.767000198364258,5.969315528869629
0156399-O3,5.202199935913086,5.969768047332764
0145761-O2,5.467400074005127,5.971697807312012
0170770-Fe1,2.097399950027466,5.971038818359375
0185027-O14,3.174499988555908,5.9691901206970215
0179730-Sr4,6.17609977722168,5.971971035003662
icsd427481-Ba1,7.048699855804443,5.970118522644043
0133995-O3,5.374199867248535,5.97252082824707
0118499-O1,2.3136000633239746,5.969563961029053
0136334-Co2,2.5453999042510986,5.974761486053467
0185027-Fe20,3.9944000244140625,5.970963001251221
0290243-O3,5.52269983291626,5.972475051879883
0143911-O2,5.929699897766113,5.972156524658203
0162642-O1,3.9579999446868896,5.970606803894043
0117270-Mn6,4.895699977874756,5.97714376449585
0290206-Ti1,14.593899726867676,5.975447177886963
0289796-Nb4,16.945999145507812,5.973906993865967
0289885-O2,5.883999824523926,5.972456455230713
0109092-O3,6.705900192260742,5.971688747406006
0146578-O1,3.160599946975708,5.971837043762207
0151582-Nb1,17.108600616455078,5.97782564163208
0289774-Ca1,9.395099639892578,5.970499038696289
0108143-O6,6.132500171661377,5.969977855682373
0289691-Ba2,9.355199813842773,5.970576763153076
0115344-O9,1.211899995803833,5.969705104827881
0117270-Mn1,3.8536999225616455,5.979002475738525
0010375-Ti1,14.113699913024902,5.972938060760498
0136293-O1,2.4788999557495117,5.971432685852051
0160074-O1,4.916299819946289,5.970584869384766
0179730-Mn1,5.075300216674805,5.978578567504883
0290243-O4,5.847799777984619,5.973050594329834
0185027-O35,3.339200019836426,5.968479633331299
0167571-O24,3.3573999404907227,5.969490051269531
0108927-O3,6.663599967956543,5.970837593078613
0290243-O7,5.233399868011475,5.972557067871094
0136665-Sr2,6.743800163269043,5.9727463722229
0136293-Sr4,8.344300270080566,5.972629547119141
0195961-O8,4.657599925994873,5.972798824310303
0110854-O5,5.999199867248535,5.971047401428223
0111508-O1,6.661099910736084,5.970658779144287
0290243-O8,5.7291998863220215,5.97287654876709
0149894-Nb1,13.648200035095215,5.976785182952881
0143474-Fe2,5.423699855804443,5.972431182861328
0149894-O2,4.991099834442139,5.970743179321289
0142004-Fe1,5.983500003814697,5.972884178161621
0111316-In2,8.011799812316895,5.97498893737793
0126437-Nb1,16.3302001953125,5.977437973022461
0117270-O4,1.5667999982833862,5.971412658691406
0289663-O2,6.097300052642822,5.969503879547119
0116531-O10,3.7311999797821045,5.969319820404053
0195961-Nb4,17.215099334716797,5.979928493499756
0133995-Nb1,16.643999099731445,5.977701187133789
0108699-O4,5.35890007019043,5.9715046882629395
0290243-O9,5.479300022125244,5.972826957702637
0170357-Co1,3.5994999408721924,5.978948593139648
0011908-O1,3.5390000343322754,5.971052169799805
0009499-Ni1,3.7620999813079834,5.975910663604736
0109668-O1,4.572400093078613,5.972633361816406
0191339-Fe2,1.6302000284194946,5.972077369689941
0185165-O4,5.21999979019165,5.969393730163574
0117270-Mn5,4.752099990844727,5.9768853187561035
0171017-O2,2.807300090789795,5.971468925476074
0109333-O5,5.5756001472473145,5.971404075622559
0115470-Ba1,9.028400421142578,5.9675750732421875
0136734-Ti1,11.1983003616333,5.97553014755249
0126619-La1,9.942700386047363,5.9716477394104
0149539-Ti1,12.104299545288086,5.974510669708252
0147283-Mn4,9.290599822998047,5.979081630706787
0116531-O11,3.7632999420166016,5.969388961791992
0124041-Sr2,5.462200164794922,5.96911096572876
0012299-O1,4.074100017547607,5.9693803787231445
0174252-La2,12.405400276184082,5.9700608253479
0011580-O1,3.734499931335449,5.969194412231445
0112035-Y1,13.112799644470215,5.973690032958984
0146578-O2,2.564500093460083,5.972006320953369
0289796-Ca4,10.36929988861084,5.971268653869629
0110270-Sr1,7.86929988861084,5.973175525665283
0108190-O2,6.129000186920166,5.970494270324707
0011911-O1,3.8945000171661377,5.969882011413574
0188731-O1,3.329699993133545,5.97152853012085
0108190-Ba2,6.747200012207031,5.970839500427246
0009648-Co1,4.6458001136779785,5.9782023429870605
0290125-O2,5.321899890899658,5.973696708679199
0009594-Ba1,6.46120023727417,5.969348430633545
0110156-In1,8.483699798583984,5.975868225097656
0289934-La1,12.759900093078613,5.970438480377197
0153176-O19,3.6933000087738037,5.969598293304443
0111567-O13,5.587299823760986,5.971243381500244
0167571-O23,3.440000057220459,5.969492435455322
0142004-Fe6,5.691999912261963,5.970484733581543
0289663-Ba2,9.08489990234375,5.9693474769592285
0171017-O8,1.7102999687194824,5.971810340881348
0144940-O1,3.406899929046631,5.971745014190674
0163417-O3,2.275899887084961,5.971458911895752
0115470-O2,3.6714000701904297,5.968722820281982
0289874-La1,12.069000244140625,5.972047805786133
0107269-O1,6.4141998291015625,5.9707207679748535
0142004-Fe12,6.51800012588501,5.972769737243652
0179730-O2,3.8756000995635986,5.97133207321167
0159784-O1,5.436800003051758,5.972028732299805
0146652-Sr1,8.804200172424316,5.971855640411377
0147283-Mn1,9.274800300598145,5.979307174682617
0176585-Nb1,17.215599060058594,5.979069709777832
0107855-Ca1,9.118499755859375,5.9702467918396
0108427-O3,6.162499904632568,5.971700191497803
0107847-O2,6.514699935913086,5.969895362854004
0146578-Sr1,8.796600341796875,5.972661972045898
0149539-O1,5.049099922180176,5.971058368682861
0009540-Al1,12.368800163269043,5.975028038024902
0289663-Ba1,8.373200416564941,5.969662666320801
0110270-O3,3.8089001178741455,5.970958232879639
0147283-O9,2.1826999187469482,5.971522808074951
0290130-Sr1,8.855400085449219,5.970331192016602
0111085-Ti1,14.197600364685059,5.974096775054932
0009694-Fe1,6.001299858093262,5.972060680389404
0115344-Fe2,6.083499908447266,5.972930431365967
0118499-Co1,4.655399799346924,5.975684642791748
0162339-Fe6,4.63070011138916,5.974558353424072
0169397-Co1,3.933000087738037,5.97558069229126
0010021-O1,3.797300100326538,5.969350337982178
0179580-Mn1,10.759900093078613,5.979565143585205
0185027-O12,3.267899990081787,5.969226837158203
0108927-Y1,12.538299560546875,5.972659587860107
0194281-Mn1,9.912199974060059,5.9795684814453125
0290102-O1,5.3317999839782715,5.972901344299316
0126437-O1,5.712600231170654,5.97224760055542
0011752-Mn2,4.789899826049805,5.978416442871094
0185027-O13,3.3173999786376953,5.969178676605225
0185027-O3,3.4347000122070312,5.969104290008545
0289885-La1,14.877099990844727,5.974818706512451
0011233-Mg1,6.783599853515625,5.974318981170654
0182299-Sr2,8.54170036315918,5.974750995635986
0185027-O43,3.709700107574463,5.968173980712891
0111316-O4,4.34689998626709,5.973204612731934
0185027-O49,3.4560000896453857,5.96848726272583
0142004-O1,3.249300003051758,5.970105171203613
0115344-Ba3,8.244500160217285,5.969650745391846
0116531-Fe1,6.24459981918335,5.972555160522461
0012072-Ni1,4.703199863433838,5.975291728973389
0162339-Sr1,7.311699867248535,5.969627857208252
0289614-O2,5.078999996185303,5.9698686599731445
0170357-O1,4.956399917602539,5.972672462463379
0143474-Fe1,4.768400192260742,5.974618911743164
0191339-O1,3.310800075531006,5.969023704528809
0167571-O8,3.3733999729156494,5.969578266143799
0289729-Ce1,15.280900001525879,5.968677043914795
0185027-Ba25,6.651500225067139,5.968353271484375
0185205-Ba1,6.332900047302246,5.967287540435791
0009684-O1,5.076300144195557,5.969916343688965
0107855-O3,6.350200176239014,5.9699249267578125
0174252-O1,5.285399913787842,5.970190525054932
0107269-Al6,12.729599952697754,5.9731574058532715
0111316-O3,4.263500213623047,5.973302364349365
0107269-O8,6.30679988861084,5.970239639282227
0146652-Mn1,8.63640022277832,5.979024410247803
0142004-Sr2,8.459799766540527,5.970017433166504
0146578-O4,2.2660000324249268,5.97109317779541
0108933-O3,6.237199783325195,5.971405506134033
0185027-Ba16,6.939300060272217,5.966945171356201
0194723-O1,5.6107001304626465,5.972104549407959
0155205-O1,2.475100040435791,5.972203254699707
0147238-O2,5.656499862670898,5.972767353057861
0010541-O1,5.395999908447266,5.971772193908691
icsd16404-Co1,2.2058000564575195,5.975443363189697
0119208-Co1,4.617000102996826,5.97932767868042
0170357-Nb1,10.99269962310791,5.978537559509277
0185027-O68,2.816699981689453,5.969069480895996
0185027-Ba12,6.61329984664917,5.966712474822998
0108143-O2,6.148399829864502,5.970379829406738
0162339-Fe3,4.75540018081665,5.9723639488220215
0149894-O5,4.710999965667725,5.971482276916504
0136261-Mn1,7.498899936676025,5.979529857635498
0009921-O1,4.052000045776367,5.973055362701416
icsd427482-O1,6.89139986038208,5.969489574432373
0167571-O21,3.177799940109253,5.969487190246582
0171017-O14,1.1239999532699585,5.971421718597412
0185165-O1,5.672900199890137,5.968819618225098
0011908-O2,3.5487000942230225,5.97098970413208
0011562-Ni1,3.32669997215271,5.973938465118408
0185165-Ba2,4.464900016784668,5.969782829284668
0107269-Ca1,10.519399642944336,5.971353054046631
0289796-O4,5.992000102996826,5.972437381744385
0142004-Fe20,5.8709001541137695,5.972376823425293
0185107-O4,1.5741000175476074,5.970330238342285
0110289-O1,3.831899881362915,5.970903396606445
0290243-Nb1,16.375099182128906,5.976887226104736
0163417-O4,2.9047999382019043,5.971115589141846
0010549-Ti1,15.546099662780762,5.975000858306885
0110854-O1,6.263400077819824,5.971192836761475
0185165-O3,5.000999927520752,5.969148635864258
0185027-O46,3.7286999225616455,5.96819543838501
0174252-O3,4.911399841308594,5.969479560852051
0185027-O34,3.6461000442504883,5.968650817871094
0126839-O1,2.683300018310547,5.971636772155762
0116531-O1,3.365299940109253,5.968231201171875
0185027-Ba18,6.756800174713135,5.967261791229248
0011911-Mg1,8.754400253295898,5.972374439239502
0151582-O3,6.333799839019775,5.973768711090088
0193429-O3,1.893399953842163,5.972110748291016
0188787-O1,4.576099872589111,5.971141815185547
0125741-Mn2,9.866700172424316,5.979368209838867
0115470-O4,3.0332999229431152,5.968878746032715
0161406-O2,1.8585000038146973,5.9709792137146
0188731-O4,3.7609000205993652,5.970733165740967
0108321-O3,6.424900054931641,5.972629070281982
0185027-O51,3.1538000106811523,5.967384338378906
0185027-Ba14,6.994200229644775,5.966996669769287
0120257-O2,5.983099937438965,5.9702467918396
0009494-Al1,12.739999771118164,5.974831581115723
0107269-O12,6.281700134277344,5.970191955566406
0142004-Fe4,6.0177998542785645,5.972696304321289
0289618-O1,2.689300060272217,5.969968318939209
0185027-O61,3.598900079727173,5.968584060668945
0108933-Al4,12.922300338745117,5.974278450012207
0191847-Fe3,1.6089999675750732,5.972116947174072
icsd427482-Ba1,2.375,5.970086574554443
0116531-O5,3.297100067138672,5.96926736831665
0149894-Ni1,3.5936999320983887,5.977008819580078
0111567-O1,5.976200103759766,5.972219467163086
0167571-O7,3.140000104904175,5.969533443450928
0108143-Ba1,9.513400077819824,5.970337867736816
icsd427481-La1,12.284799575805664,5.96990966796875
0009596-O1,6.986299991607666,5.967392444610596
0185027-Fe14,5.548999786376953,5.9708027839660645
0125741-O4,2.7197000980377197,5.971474647521973
