0185027-O58,3.389400005340576,3.2552804946899414
0136734-O1,5.332099914550781,5.543951034545898
0174252-La1,11.767000198364258,11.981720924377441
0162339-Fe3,4.75540018081665,4.7956624031066895
0289796-Ca4,10.36929988861084,10.446054458618164
0009572-O1,6.138500213623047,6.227250099182129
0113386-O3,3.7558999061584473,3.8783044815063477
0115344-O2,0.534600019454956,0.6051751375198364
0109458-Ti1,14.935199737548828,14.732823371887207
0108190-O3,6.105299949645996,6.310657501220703
0289796-O6,5.833600044250488,5.838194370269775
0110156-In1,8.483699798583984,8.601510047912598
0185027-O7,3.017400026321411,2.966175079345703
0185027-O22,2.8928000926971436,2.9935431480407715
0170164-O1,2.2039999961853027,2.0157604217529297
0125741-Mn2,9.866700172424316,9.742176055908203
0119208-Co1,4.617000102996826,4.347952842712402
0162339-O1,3.3987998962402344,3.5258994102478027
0289885-O2,5.883999824523926,5.877768039703369
0116531-O2,3.5308001041412354,3.4930953979492188
0195961-Nb2,16.2460994720459,15.937272071838379
0174238-La1,11.17870044708252,11.07294750213623
0171017-O15,0.6908000111579895,0.7667557001113892
0167571-O28,3.5553998947143555,3.291996479034424
0167571-Ba2,8.60949993133545,8.52640438079834
0142004-O6,3.3138999938964844,3.378737449645996
0185027-O45,3.620699882507324,3.834199905395508
0009684-O1,5.076300144195557,5.039497375488281
0012011-Ni1,4.496099948883057,4.357231616973877
0120257-O3,4.97629976272583,4.973140239715576
icsd427482-O4,6.563499927520752,6.688705921173096
0107269-O3,6.326300144195557,6.258175373077393
0107269-O9,6.126699924468994,6.143408298492432
0107855-O1,6.640399932861328,6.565510272979736
icsd427481-O3,6.620299816131592,6.4979376792907715
0108143-O6,6.132500171661377,6.1068220138549805
0142004-Fe20,5.8709001541137695,5.8533453941345215
0153176-O18,3.501300096511841,3.4886412620544434
0110854-O3,5.6118998527526855,5.675625324249268
0108446-O1,6.603899955749512,6.148768424987793
0289796-O12,5.630000114440918,5.807473182678223
0163417-O2,3.143399953842163,2.9405908584594727
0107847-Al2,11.441499710083008,11.25766372680664
0107269-Al4,13.188300132751465,12.960580825805664
0185492-O4,2.2385001182556152,2.0863776206970215
0009944-In2,7.2399001121521,7.20123815536499
0111085-Ti1,14.197600364685059,14.195858001708984
0124785-Sr2,4.918900012969971,4.924057960510254
0125741-O1,2.0803000926971436,2.059593677520752
0171017-Sr3,7.58650016784668,7.571391582489014
0182299-O2,5.415500164031982,5.821931838989258
0011752-Ni1,3.5078001022338867,3.484966278076172
0290125-O1,5.859799861907959,4.739072799682617
0289796-O7,5.0731000900268555,5.369001865386963
0153176-Fe14,5.0081000328063965,5.211274147033691
0289796-O2,5.49370002746582,5.450460910797119
0153176-O5,3.115000009536743,3.2966556549072266
0185027-O70,2.726900100708008,2.811431407928467
0011304-Mn2,4.794300079345703,4.920907497406006
0009596-O1,6.986299991607666,6.8257317543029785
0154647-O1,3.9649999141693115,4.072778224945068
0170357-O1,4.956399917602539,5.590758323669434
0126839-Sr2,9.614399909973145,9.504199028015137
0134600-O2,5.45959997177124,5.623562812805176
0191339-Fe3,1.4359999895095825,1.6355324983596802
0113386-O2,5.50570011138916,5.350695610046387
0289663-O3,6.053599834442139,5.922719478607178
0136334-La4,8.688199996948242,8.652902603149414
0107269-O7,6.265600204467773,6.257822036743164
0290102-Nb1,17.1028995513916,16.84946632385254
0191339-O1,3.310800075531006,3.442884922027588
0113386-O5,3.3083999156951904,3.2528128623962402
0185027-Fe17,3.8526999950408936,4.168769359588623
0170164-Co1,5.053999900817871,4.96612024307251
0167571-Fe3,5.171599864959717,5.101233959197998
0153176-Fe12,2.7588999271392822,1.9981054067611694
0107269-Al3,13.101699829101562,12.960737228393555
0147283-O9,2.1826999187469482,2.4857707023620605
0009859-Mn1,6.263700008392334,6.273626327514648
0167571-O6,3.518399953842163,3.3711729049682617
0113386-O6,5.950399875640869,5.921690940856934
0009594-Ba1,6.46120023727417,6.544972896575928
0124041-Sr2,5.462200164794922,5.835079669952393
0116531-O11,3.7632999420166016,3.4580936431884766
0169661-Co1,7.3125,4.467474460601807
0185027-O44,3.5204999446868896,3.8062167167663574
0108933-Al3,12.955699920654297,12.827191352844238
0111567-Ti4,14.998900413513184,14.870274543762207
0115470-O5,3.08270001411438,3.259547233581543
0159544-O1,0.9340000152587891,0.7610970735549927
0109092-Y1,14.353699684143066,14.416930198669434
0009576-O1,6.994999885559082,7.0193095207214355
0109092-Al1,12.562199592590332,12.516200065612793
0179730-O1,3.7441000938415527,3.8313279151916504
0118499-Ca2,7.214200019836426,8.022451400756836
0110854-O1,6.263400077819824,6.242414951324463
0290243-Nb1,16.375099182128906,16.018295288085938
0170164-O6,2.4451000690460205,2.343886375427246
0289614-Ce1,15.813799858093262,15.806109428405762
icsd16404-Co1,2.2058000564575195,1.8669284582138062
0185027-Ba16,6.939300060272217,6.542670726776123
0142004-O25,3.1440000534057617,3.2318129539489746
0136261-Mn1,7.498899936676025,7.621727466583252
0134600-Mn1,2.203200101852417,2.3972277641296387
0109333-Ba1,9.94950008392334,9.51695728302002
0171017-O12,1.1119999885559082,1.1175457239151
0142004-O16,3.507200002670288,3.394023895263672
0010389-Co1,3.226900100708008,4.801700592041016
0136293-O4,3.196199893951416,3.0035953521728516
0185165-O3,5.000999927520752,5.303586483001709
0107269-Ca2,10.067500114440918,10.138008117675781
0108446-Y1,14.14229965209961,14.20246410369873
0113386-Fe2,7.392000198364258,7.200402736663818
0290243-O12,5.595799922943115,5.485624313354492
0162339-O12,2.5880000591278076,3.02528715133667
0170357-O2,5.32859992980957,5.219516754150391
0109333-O2,5.448500156402588,5.664097785949707
0111567-O1,5.976200103759766,5.937222957611084
0151582-O3,6.333799839019775,6.379099369049072
0108699-O5,6.071599960327148,5.773746013641357
0289691-Ba1,9.021100044250488,9.476020812988281
0142004-O14,3.574199914932251,3.3828439712524414
0185492-Mn1,8.807900428771973,8.69343376159668
0185027-Fe24,4.447299957275391,4.256159782409668
0117270-O4,1.5667999982833862,2.098926067352295
0111982-Y2,12.470600128173828,12.512837409973145
0151582-O2,5.975900173187256,5.9571661949157715
0113386-Fe1,6.863999843597412,6.980234622955322
0147283-O1,3.251699924468994,2.877376079559326
0009491-Al1,10.496500015258789,10.701909065246582
0185027-Ba28,6.426700115203857,6.402776718139648
0171017-O14,1.1239999532699585,0.7839027643203735
0194582-Mn1,5.242300033569336,5.043764591217041
0153176-O6,3.0917000770568848,3.2835731506347656
0124041-O2,4.124100208282471,3.856649398803711
0162339-O10,3.2885000705718994,3.2570748329162598
0176585-In1,9.530599594116211,9.521982192993164
0117270-Mn3,4.717400074005127,4.396063804626465
0290080-Mg1,9.583200454711914,9.312287330627441
0153176-O20,3.6340999603271484,3.472336769104004
0167571-Fe15,5.4274001121521,5.359145641326904
0185027-O34,3.6461000442504883,3.7780332565307617
0147283-Sr4,9.101400375366211,8.634444236755371
0108321-O3,6.424900054931641,6.433363437652588
0185027-O28,3.101799964904785,3.1887497901916504
0290243-O1,5.730999946594238,5.639281749725342
0289618-Ba1,9.2391996383667,8.913713455200195
0289691-Nb2,16.186500549316406,15.666991233825684
0146652-Sr2,8.83590030670166,8.694835662841797
0193122-Mn5,4.69189977645874,4.6937713623046875
0011580-O2,3.5181000232696533,3.6855244636535645
0119208-Nb1,13.100799560546875,12.50353717803955
0142004-O18,3.275399923324585,3.387665271759033
0147283-O12,3.171799898147583,3.0315194129943848
0142004-O9,2.99399995803833,3.106368064880371
0185027-O18,2.879199981689453,2.9081387519836426
0011908-Ni1,2.5927999019622803,2.5385208129882812
0179580-Y1,13.361700057983398,13.515918731689453
0143825-O1,3.4937000274658203,3.683074474334717
0136293-Co3,5.17140007019043,4.541881084442139
0184694-Ba1,8.761899948120117,8.839234352111816
0144940-Mn1,8.100700378417969,9.25577449798584
0110270-Sr1,7.86929988861084,8.050799369812012
0010375-Ti1,14.113699913024902,14.791733741760254
0159759-O2,1.6842000484466553,1.8717986345291138
0136293-O12,0.3052000105381012,0.49485838413238525
0107855-O6,6.262599945068359,6.191849708557129
0142004-O2,3.1421000957489014,3.227041721343994
0126437-Mg2,8.82979965209961,8.601430892944336
0185027-Fe12,4.0278000831604,4.120952606201172
0167571-Fe20,6.1269001960754395,5.570179462432861
0009889-O1,3.7274999618530273,3.9702162742614746
0009944-O1,3.605799913406372,4.8742594718933105
0108927-O1,6.56879997253418,6.713286876678467
0193359-Ni1,2.500200033187866,2.4274420738220215
0116531-Fe9,5.849899768829346,5.861178398132324
0162339-O6,3.480299949645996,3.4332752227783203
0115470-Fe1,6.559599876403809,6.486990451812744
0170164-O4,3.6221001148223877,3.354461669921875
0185027-Fe10,3.8032000064849854,4.003062725067139
0136734-Co1,4.055099964141846,3.784790515899658
0111508-La1,12.154999732971191,10.141946792602539
0167571-Fe12,6.78439998626709,6.428112506866455
0182299-Sr3,8.753199577331543,8.762642860412598
0125741-O4,2.7197000980377197,2.6195030212402344
0156399-O1,5.103899955749512,5.085017204284668
0185027-O2,2.8236000537872314,2.845963478088379
0185027-Ba10,6.642499923706055,6.747803211212158
0159784-O3,5.249100208282471,5.325474739074707
0116531-Ba4,8.58080005645752,8.368535041809082
0147283-O15,3.0327000617980957,2.99876070022583
0162339-Fe6,4.63070011138916,4.692573070526123
0289691-Ba3,9.074999809265137,9.216862678527832
0107855-Ca2,8.732399940490723,8.733031272888184
0290206-O1,5.510700225830078,5.9345927238464355
0107269-Al6,12.729599952697754,12.719462394714355
0179730-Mn2,5.442399978637695,5.047937870025635
0161406-O3,1.863800048828125,1.273434042930603
0108190-Y1,11.932499885559082,11.907683372497559
0185107-O3,1.6998000144958496,1.7903014421463013
0142004-Fe13,5.800300121307373,5.670955657958984
0136734-Ti1,11.1983003616333,11.018328666687012
0011233-Mg1,6.783599853515625,9.645986557006836
0108190-Ba1,6.7758002281188965,6.748079776763916
0289663-O2,6.097300052642822,5.892670154571533
0115470-O1,3.805000066757202,3.519347667694092
0290243-O9,5.479300022125244,5.516546249389648
0289952-Ce1,12.576800346374512,14.310155868530273
0116531-Ba1,7.8059000968933105,8.117815971374512
0159759-O1,1.0297000408172607,1.0926669836044312
0185205-O2,2.847899913787842,2.7953877449035645
0109770-O1,4.437399864196777,4.3302507400512695
0290102-O1,5.3317999839782715,5.415802955627441
0176585-Nb1,17.215599060058594,16.97722816467285
0289876-O2,3.8986001014709473,3.8965539932250977
0167571-Ba1,8.886699676513672,8.57420825958252
0109458-O3,5.453999996185303,5.574958324432373
0162339-Fe1,4.613100051879883,4.292407989501953
0289591-Fe1,2.967900037765503,6.492250919342041
0185107-O4,1.5741000175476074,1.8725920915603638
0149894-O5,4.710999965667725,4.858816146850586
0108190-Ba2,6.747200012207031,6.800264835357666
0117717-Co1,2.194499969482422,2.052961826324463
0151582-Al1,13.310799598693848,13.020658493041992
0110854-O5,5.999199867248535,6.256247520446777
0167571-O25,3.1846001148223877,3.268817901611328
0126437-Nb1,16.3302001953125,16.078964233398438
0149539-O1,5.049099922180176,5.116971969604492
0143911-O1,6.06879997253418,5.834347248077393
0011671-O1,2.085900068283081,2.2009778022766113
0149894-O3,4.469699859619141,4.504538059234619
0010541-O1,5.395999908447266,5.545608997344971
0185027-Ba18,6.756800174713135,6.676512241363525
0194582-O1,5.421899795532227,5.771592140197754
0185408-O1,0.6037999987602234,0.8295224905014038
0167571-O24,3.3573999404907227,3.273904323577881
0108143-O3,6.184899806976318,6.18721342086792
0136293-O7,2.4031999111175537,2.325540065765381
0136293-Sr1,8.652700424194336,8.983783721923828
0185027-O5,3.423799991607666,3.2279767990112305
0167571-O14,3.501699924468994,3.4755172729492188
icsd427481-La2,11.55720043182373,11.223957061767578
0167571-O2,3.1798999309539795,3.2530407905578613
0185027-Ba21,6.65369987487793,6.474995136260986
0195961-O2,4.659599781036377,4.9789934158325195
0171017-Sr1,7.595200061798096,7.5880446434021
0142004-O1,3.249300003051758,3.2449851036071777
0146578-Sr1,8.796600341796875,8.711997985839844
0171017-Sr5,7.688600063323975,7.632279872894287
icsd16404-O2,5.960599899291992,5.801082134246826
0290125-O2,5.321899890899658,5.157523155212402
0153176-O8,3.122999906539917,3.274416923522949
0289796-O5,5.8171000480651855,5.512896537780762
0167571-Fe16,5.026199817657471,5.371338367462158
0144940-Y1,12.593600273132324,12.440810203552246
0009931-In1,8.468500137329102,8.579054832458496
0289796-O14,5.5553998947143555,5.786673545837402
0115344-Ba1,8.502300262451172,8.245109558105469
0111508-O2,6.53439998626709,6.650947093963623
0011562-Ni1,3.32669997215271,3.395620822906494
0143911-O4,6.071599960327148,6.086179256439209
0107269-Al2,13.07919979095459,12.980996131896973
0124785-O2,4.7779998779296875,4.90713357925415
0155205-Y1,11.420900344848633,11.216971397399902
0290243-O11,5.811800003051758,5.752891540527344
0009576-Al1,12.368800163269043,12.108684539794922
0009540-O1,6.994999885559082,7.019312381744385
0169661-O4,1.9507999420166016,1.8172084093093872
0011580-Ni1,3.26200008392334,3.234846591949463
0153176-O7,3.117500066757202,3.2961626052856445
0136665-Sr2,6.743800163269043,6.9278740882873535
0107847-O3,6.698800086975098,6.272620677947998
0107269-Al5,13.131400108337402,12.793606758117676
0185027-Ba17,6.710000038146973,6.6684699058532715
0289614-O1,5.013999938964844,5.107278823852539
0290243-Sr3,9.226400375366211,9.242731094360352
0171017-O7,1.6965999603271484,1.6283637285232544
0169661-O3,1.9810999631881714,2.069948673248291
0289796-O13,5.920100212097168,5.819921970367432
0145761-Ti1,7.825900077819824,7.7594170570373535
0185027-Ba14,6.994200229644775,6.617769718170166
0136261-O1,2.753700017929077,3.1043691635131836
0147283-Sr3,9.09630012512207,8.631209373474121
0193429-O2,2.534899950027466,2.9833474159240723
0113386-O1,4.66540002822876,4.588931560516357
0145133-Mn1,5.593699932098389,5.371426582336426
0115470-Fe2,6.692299842834473,6.271917343139648
0149894-O2,4.991099834442139,4.751622200012207
0185027-O29,3.143399953842163,3.188694953918457
0136334-O2,4.38040018081665,4.533257007598877
0153176-O13,3.1672000885009766,3.5100107192993164
0116531-Fe5,5.67710018157959,5.75116491317749
0174252-Fe1,7.1255998611450195,7.008897304534912
0147283-Mn4,9.290599822998047,9.138736724853516
0188787-O1,4.576099872589111,4.612622261047363
0185027-O65,3.3624000549316406,3.219116687774658
0108446-Al2,12.400500297546387,12.343210220336914
0142004-O11,3.0625,3.0401768684387207
0171017-Co3,5.1194000244140625,4.95279598236084
0185027-Fe22,4.638700008392334,4.280000686645508
0143911-La1,13.65880012512207,13.719197273254395
0136665-Co1,4.5432000160217285,4.575807571411133
0185027-O9,3.000699996948242,2.9511780738830566
0142004-O24,3.5529000759124756,3.2461414337158203
0142463-O1,1.98580002784729,2.594298839569092
0136293-O5,2.8475000858306885,3.003917694091797
0118499-Co2,3.8736000061035156,3.7180752754211426
0290243-O7,5.233399868011475,5.423240661621094
0108427-Al1,13.440099716186523,12.935227394104004
0116531-O12,3.5114998817443848,3.4344940185546875
0153176-O23,3.660399913787842,3.487466812133789
0111542-O1,6.500699996948242,5.028783321380615
0185027-O56,3.422600030899048,3.2506914138793945
0112334-O3,5.878600120544434,6.1000590324401855
0193122-La1,10.01259994506836,9.512194633483887
0185027-O64,3.3173999786376953,3.2174072265625
0185027-O53,3.2867000102996826,3.4078683853149414
0012072-Ni1,4.703199863433838,4.434235095977783
0111567-O9,6.280200004577637,6.0433549880981445
0115344-Fe3,6.045899868011475,6.851429462432861
0170770-Ca1,5.555200099945068,5.470414638519287
0117270-Mn1,3.8536999225616455,4.396428108215332
0147283-Sr2,8.578200340270996,8.459868431091309
0133995-O1,5.200300216674805,5.495734691619873
0193429-Mn1,8.62440013885498,9.092557907104492
0185027-O24,3.0889999866485596,3.153329372406006
0117270-O6,0.2849999964237213,1.6680587530136108
0185027-O47,3.467099905014038,3.617741584777832
0120257-La2,8.273599624633789,7.9455246925354
0191847-Fe1,2.6768999099731445,2.423435688018799
0142004-Fe4,6.0177998542785645,5.6455583572387695
0125667-Mn1,9.965800285339355,9.863297462463379
0185027-Fe21,4.519999980926514,4.284740447998047
0009594-O1,5.69189977645874,6.014135837554932
0107702-O2,6.390900135040283,6.2303056716918945
0142004-Fe7,5.229599952697754,5.4233078956604
0145133-Sr1,7.69950008392334,7.254502773284912
0011752-O2,2.7852001190185547,2.798429012298584
0289934-O2,6.704899787902832,6.254913330078125
0107269-Ca1,10.519399642944336,10.432990074157715
0111567-La3,14.280900001525879,13.944923400878906
0109710-O2,5.7494001388549805,5.5306291580200195
0187243-O1,1.7236000299453735,1.795693039894104
0107269-O11,6.373899936676025,6.228068828582764
0194560-Nb1,14.699899673461914,13.476374626159668
0110289-In1,7.095300197601318,7.173396587371826
0116531-Fe11,6.283400058746338,6.077617645263672
0108699-O4,5.35890007019043,5.534180641174316
0195961-O4,4.10129976272583,4.477077484130859
0124785-Sr1,5.308300018310547,5.049201011657715
0124041-Sr1,6.113500118255615,6.270724773406982
0147238-Mn2,3.560499906539917,3.5514330863952637
0153176-O19,3.6933000087738037,3.4448018074035645
0167571-Fe11,6.545499801635742,6.43684720993042
0135701-Mn2,8.481599807739258,8.416325569152832
0116531-O3,3.606600046157837,3.481980323791504
0185027-Fe26,3.979599952697754,3.995112895965576
0136293-O1,2.4788999557495117,2.9366002082824707
0162339-O7,3.648099899291992,3.4373984336853027
0108689-Y1,10.899999618530273,14.519574165344238
0185027-Fe19,4.069399833679199,4.215777397155762
0108689-Al1,7.64109992980957,7.294614315032959
0108927-Y1,12.538299560546875,12.22164249420166
0289874-La1,12.069000244140625,11.953788757324219
0011752-O1,3.057499885559082,2.7971010208129883
0109458-O8,5.05049991607666,5.671445369720459
0289591-O1,6.191100120544434,6.095844268798828
0185205-Ba2,6.85830020904541,6.736697673797607
0011908-O1,3.5390000343322754,3.530883312225342
0178128-O4,2.439300060272217,1.9890919923782349
0115344-O1,0.5393000245094299,0.617348313331604
0169661-O2,2.3064000606536865,1.8545862436294556
0110854-O2,6.053500175476074,6.142794132232666
0143474-Sr1,7.392600059509277,7.1584296226501465
0108190-Y4,12.597599983215332,12.292052268981934
0159759-Sr1,8.780799865722656,8.506295204162598
0110289-O3,3.544100046157837,2.6491618156433105
0193122-Mn4,4.80210018157959,5.150059223175049
0110854-La1,13.354900360107422,13.47785472869873
0109333-O5,5.5756001472473145,5.775615692138672
0167571-O7,3.140000104904175,3.4562039375305176
0009921-In1,6.229100227355957,7.813536167144775
0185027-O67,2.9131999015808105,2.8242082595825195
0167571-Fe17,5.849800109863281,5.841460704803467
0124785-O1,4.7266998291015625,4.595542907714844
0169441-O1,2.203700065612793,2.261119842529297
0112334-Y2,13.909500122070312,13.7933931350708
0185027-O3,3.4347000122070312,3.284952163696289
0115344-O4,0.4659000039100647,0.9014149904251099
0108143-Al1,13.075200080871582,12.815991401672363
0111316-O4,4.34689998626709,4.241322994232178
0144307-O2,5.797599792480469,5.681543827056885
0290005-O1,6.044899940490723,6.171591281890869
0011562-Fe1,5.860899925231934,5.953988552093506
0179580-O1,2.1893999576568604,2.421433925628662
0107847-O2,6.514699935913086,6.609944820404053
0108190-Y3,11.924500465393066,12.088872909545898
0185165-O1,5.672900199890137,5.100924491882324
0108933-Al2,13.069199562072754,12.868778228759766
0290243-Nb2,12.958999633789062,13.539286613464355
0109684-Ba2,7.881199836730957,7.753931522369385
0108143-Ba1,9.513400077819824,9.272881507873535
0142004-Sr2,8.459799766540527,8.251946449279785
0009921-O1,4.052000045776367,4.257643222808838
0136334-Co3,2.8148000240325928,3.491024971008301
0167571-Fe19,6.313000202178955,5.472259998321533
0108427-Sr1,10.588700294494629,10.400639533996582
0116531-Fe7,5.770199775695801,5.839511871337891
0153176-Fe1,4.996399879455566,5.120545864105225
0108190-O2,6.129000186920166,6.2660698890686035
0194723-Mn1,4.5690999031066895,3.9936532974243164
0142004-O3,3.2139999866485596,3.2472915649414062
0163417-O1,3.6029000282287598,3.7937865257263184
0009859-In1,6.389900207519531,6.428220272064209
0136293-O8,2.33489990234375,2.4648690223693848
0193429-O3,1.893399953842163,1.9150279760360718
0136334-O1,4.367599964141846,4.239792346954346
0194281-Mn1,9.912199974060059,9.576252937316895
0009889-In1,9.10200023651123,8.981679916381836
0115344-O6,1.207900047302246,1.013565182685852
0167571-O23,3.440000057220459,3.3199939727783203
0111085-Ti2,14.646100044250488,14.424235343933105
0136293-O3,2.791300058364868,3.0660266876220703
icsd427482-O2,6.551799774169922,6.739329814910889
0147283-Mn3,9.343600273132324,9.140549659729004
0185027-O30,3.119800090789795,3.188894748687744
0142004-Fe5,5.61870002746582,5.548501968383789
0289774-Ca1,9.395099639892578,9.295967102050781
0178128-O1,2.7216999530792236,2.2913260459899902
0108933-O8,6.2083001136779785,6.057424545288086
0185027-O37,3.2644999027252197,3.258037567138672
0185027-O19,2.93530011177063,2.995588779449463
0143825-Fe1,9.67710018157959,9.524911880493164
0010079-Sr1,7.702199935913086,7.8855767250061035
0117717-O2,4.922699928283691,3.6817336082458496
0111567-Ti3,15.129899978637695,14.588423728942871
0147283-O3,3.106100082397461,3.131990432739258
0109092-O3,6.705900192260742,6.476048946380615
0009499-Ni1,3.7620999813079834,3.750058174133301
0011764-O2,5.3668999671936035,5.2855224609375
0136334-O7,2.5752999782562256,2.597196578979492
0188787-Y1,11.597299575805664,11.280088424682617
0126437-O2,6.276700019836426,6.237135887145996
0153176-Fe5,4.019599914550781,3.7621192932128906
0009572-Al1,9.310999870300293,7.73616361618042
0110733-In1,8.313899993896484,6.4281535148620605
0142004-O20,3.4179999828338623,3.3905858993530273
0136261-Co1,3.9916000366210938,4.791541576385498
0108143-Al3,13.254300117492676,12.821723937988281
0119208-O2,5.189199924468994,5.28692102432251
0118499-O2,2.254699945449829,2.4797234535217285
0162339-O4,3.310800075531006,3.3514795303344727
0109458-Ti5,14.970800399780273,14.390541076660156
0185205-O4,0.9750000238418579,2.85776948928833
0182299-Sr2,8.54170036315918,8.568647384643555
0182299-Sr1,10.222100257873535,10.171741485595703
0009921-Co1,4.846799850463867,4.818227291107178
0179730-O7,3.3577001094818115,3.3459510803222656
0185027-O66,3.259399890899658,3.2210006713867188
0107269-O4,6.295400142669678,6.45050573348999
0118499-O1,2.3136000633239746,2.378579616546631
0167571-O17,3.500499963760376,3.4678239822387695
0109092-O5,6.332200050354004,6.3011674880981445
0108933-O1,6.296800136566162,6.32946252822876
0111316-O3,4.263500213623047,4.3344831466674805
0162642-Fe2,6.494999885559082,7.95182466506958
0108699-O2,5.21120023727417,5.331207275390625
0107702-Al1,13.354000091552734,13.014333724975586
0176178-Nb1,8.216400146484375,8.562604904174805
0153176-Fe6,3.1428000926971436,3.0389719009399414
0188731-O2,4.223800182342529,4.293313503265381
0289663-Ba1,8.373200416564941,8.45424747467041
0143911-O3,6.197999954223633,6.283435821533203
0126839-O2,2.6972999572753906,1.8654488325119019
0193429-O1,1.773900032043457,1.8014060258865356
0116531-Fe1,6.24459981918335,6.0700602531433105
0289796-Ca1,9.34850025177002,8.931523323059082
0010438-Mn1,4.521999835968018,4.556085586547852
0108143-O4,6.140900135040283,6.200061321258545
0009596-Ca1,8.426600456237793,8.484025001525879
0142004-Fe8,6.011499881744385,5.61802864074707
0010576-O1,4.429699897766113,4.486248016357422
0109458-O7,5.2835001945495605,5.484495639801025
0136293-O9,0.28349998593330383,0.496026873588562
0289618-Mn1,8.328200340270996,8.275229454040527
0107269-Ca3,9.45199966430664,9.553082466125488
0289862-O2,6.649499893188477,6.259510040283203
0147238-O2,5.656499862670898,5.492395877838135
icsd427481-O2,6.458799839019775,6.476409435272217
0012201-Mn1,5.456099987030029,5.260156154632568
0290130-O2,5.10890007019043,4.993682861328125
0134600-O1,4.790900230407715,4.840254783630371
0142004-O26,3.4277000427246094,3.209235191345215
0012299-Fe1,5.243500232696533,5.07142448425293
0142004-O4,3.2325000762939453,3.2680420875549316
0109092-O7,6.169600009918213,6.290248394012451
0109458-Ti4,14.394000053405762,14.356389045715332
0109668-Y2,14.413100242614746,14.391843795776367
0290243-O14,5.770899772644043,5.583466529846191
0111567-La1,13.396599769592285,13.12463092803955
0117270-Mn6,4.895699977874756,5.197445869445801
0110733-La1,12.887800216674805,12.926299095153809
0185492-O2,2.4691998958587646,2.5856990814208984
0185027-Ba24,6.5269999504089355,6.50705099105835
0147238-Nb1,9.755900382995605,8.728437423706055
0290243-O8,5.7291998863220215,5.640865802764893
0011580-Fe1,5.171000003814697,5.265284538269043
0289691-Nb1,13.057600021362305,12.843281745910645
0185027-Ba23,6.63700008392334,6.4885077476501465
0111982-Sr1,7.9166998863220215,7.811525821685791
0289796-O10,5.429900169372559,5.598898410797119
0143474-Fe2,5.423699855804443,3.3540420532226562
0136293-O6,2.380000114440918,2.5915865898132324
0174252-O1,5.285399913787842,5.153937339782715
0194582-Nb1,11.043499946594238,10.61235237121582
0185408-O2,1.7120000123977661,1.2937160730361938
0126839-Mn1,9.086400032043457,8.81717300415039
0111567-O5,5.749499797821045,5.794034004211426
0185027-Ba27,6.643899917602539,6.4302544593811035
0010720-O1,4.963600158691406,4.966857433319092
0109333-O4,6.007800102233887,5.854342937469482
0289796-Nb2,16.624000549316406,16.515239715576172
0171017-O2,2.807300090789795,2.854008674621582
0185027-O62,3.4560000896453857,3.6580801010131836
0289729-Ce1,15.280900001525879,15.085320472717285
0134600-Ba1,3.6898000240325928,4.293641567230225
0009944-In1,6.422800064086914,8.757627487182617
0185027-O20,2.8587000370025635,2.995659351348877
0112334-O2,6.237100124359131,6.107080459594727
0167571-O1,3.173799991607666,3.2999725341796875
0009494-Al1,12.739999771118164,10.578516960144043
0185107-Co3,5.083399772644043,4.922466278076172
0171017-Sr2,7.665200233459473,7.436462879180908
0111479-O3,5.4334001541137695,5.727244853973389
0107855-O5,6.542799949645996,6.38993501663208
0149894-Nb1,13.648200035095215,10.033294677734375
0149894-O1,4.841700077056885,4.995373725891113
0147238-Mn1,3.7414000034332275,4.94961404800415
0290243-Sr4,10.246299743652344,10.121363639831543
0290062-Ti1,14.685700416564941,14.269458770751953
0160074-Sr1,4.991499900817871,5.17518424987793
0145133-O1,3.1619999408721924,2.7472329139709473
0289796-Ca2,10.413299560546875,10.270169258117676
0147238-O1,5.159200191497803,6.075525283813477
0289614-O2,5.078999996185303,5.264016151428223
0108143-Ba2,9.513899803161621,9.469209671020508
0009572-Mn1,6.025899887084961,5.622235298156738
0011233-O1,4.173600196838379,4.2280049324035645
0185107-Co2,5.020400047302246,4.9300642013549805
0009973-Mg1,8.73490047454834,4.943060398101807
0147283-Sr1,8.540599822998047,8.461974143981934
0115344-O5,1.0306999683380127,1.178609013557434
0195961-Nb3,16.18000030517578,15.90305233001709
0147283-O4,3.1347999572753906,3.1020212173461914
0009931-Mg1,9.588600158691406,7.870070934295654
0185027-Fe11,4.043799877166748,4.120880126953125
0185027-O46,3.7286999225616455,3.6596570014953613
0108321-Ti1,15.128999710083008,14.901944160461426
0289691-O3,5.092100143432617,5.312670707702637
0167571-Fe18,5.974400043487549,6.020002841949463
0116531-O6,3.4082999229431152,3.443939685821533
0194560-O2,5.034599781036377,4.942596435546875
0289949-O2,5.416299819946289,5.475796699523926
0116531-O17,3.4570999145507812,3.319643020629883
0153176-Fe8,4.322400093078613,4.274641513824463
0154647-Ba1,5.906000137329102,5.744073390960693
0116531-Fe12,5.978499889373779,5.953670501708984
0289862-Ce1,5.9145002365112305,5.945024490356445
0111316-In2,8.011799812316895,8.134671211242676
0162339-O5,3.5564000606536865,3.3634872436523438
icsd427481-O1,6.525199890136719,6.62114953994751
0117270-O12,1.448199987411499,1.4802459478378296
0153176-O4,3.11680006980896,3.2677102088928223
0153176-O26,3.2711000442504883,3.4200663566589355
0171017-Co5,5.655399799346924,4.97437047958374
0185027-Ba6,6.855100154876709,6.520100116729736
0117270-O3,1.5426000356674194,2.0793910026550293
0289796-O3,5.837600231170654,5.7799248695373535
0290243-O3,5.52269983291626,5.548644065856934
0185027-O49,3.4560000896453857,3.584157943725586
0108321-Al1,12.586000442504883,11.531686782836914
0185027-O69,2.8940999507904053,2.8178696632385254
0107269-O1,6.4141998291015625,6.523923397064209
0185027-Ba19,6.638199806213379,6.67092752456665
0185027-Ba20,6.627600193023682,6.621220111846924
0108933-Al1,12.989500045776367,12.800397872924805
0142004-Fe15,5.168600082397461,5.483151912689209
0109092-O9,5.792900085449219,5.329818248748779
0147283-O5,2.9128000736236572,2.887420177459717
0109668-In1,8.559800148010254,7.735946178436279
0290198-O2,5.490300178527832,5.774279594421387
0194723-Ti1,9.917699813842773,8.542080879211426
0170164-Mn2,7.577899932861328,7.277759075164795
0153176-Ba1,8.435999870300293,8.547178268432617
0108190-Y2,12.546899795532227,12.3375244140625
icsd427481-O4,6.509099960327148,6.579843044281006
0115470-O4,3.0332999229431152,3.2195968627929688
0136334-O6,2.81469988822937,2.838683605194092
0184694-O1,3.289599895477295,3.3981618881225586
0289796-Nb4,16.945999145507812,16.50243377685547
0136293-Co1,4.999499797821045,4.658730506896973
0115344-Fe2,6.083499908447266,5.984462261199951
0120257-Co1,2.547800064086914,2.429755210876465
0194582-O2,5.422900199890137,5.316122531890869
0185027-O16,2.907599925994873,2.9079580307006836
0142004-O13,3.3887999057769775,3.395658016204834
0010021-O1,3.797300100326538,3.845120429992676
0147283-Sr7,8.387399673461914,8.520256996154785
0145761-Mn1,2.9047000408172607,2.5141282081604004
0107855-O9,6.376500129699707,6.306156635284424
0136334-Co2,2.5453999042510986,2.581984043121338
0112334-O1,6.583899974822998,6.431319713592529
0194281-Sr1,8.815400123596191,7.8486647605896
0185027-O15,3.0436999797821045,2.9029645919799805
0120257-Co2,2.161099910736084,2.118558883666992
0146578-O2,2.564500093460083,2.5196094512939453
0289663-Ba2,9.08489990234375,8.718131065368652
0109770-Ca1,9.831600189208984,9.793736457824707
0185027-O12,3.267899990081787,3.1591897010803223
0144307-O3,5.892000198364258,5.58626651763916
0155087-Co2,4.7683000564575195,5.201367378234863
0176178-Fe1,2.8505001068115234,3.0258522033691406
0117270-O9,2.524199962615967,3.324331760406494
0155087-O4,3.5178000926971436,3.6633291244506836
0011671-Mn1,9.521599769592285,11.967941284179688
0153176-O12,3.198199987411499,3.4782843589782715
0154647-Ni1,3.3991000652313232,3.246717929840088
0159784-Fe1,2.340399980545044,2.545762062072754
0170357-Nb1,10.99269962310791,10.616660118103027
0107269-O5,6.433599948883057,6.452098369598389
0011908-Mn1,5.222499847412109,4.780599594116211
0153176-O2,3.09089994430542,3.1105613708496094
0126839-Sr1,9.178000450134277,9.30051040649414
0289663-O4,6.011300086975098,5.6828813552856445
0011562-Fe2,5.556399822235107,5.352725505828857
0185027-O36,3.211400032043457,3.234513282775879
0107702-O4,6.7006001472473145,6.771223545074463
0146652-O1,2.6393001079559326,2.9088730812072754
0012072-Mn1,8.729999542236328,8.27547836303711
0290206-Ti1,14.593899726867676,14.820319175720215
0194281-O1,1.8798999786376953,2.0290470123291016
0111479-Sr2,8.213000297546387,8.201835632324219
0111567-Ti2,14.484999656677246,14.028160095214844
0107702-Al2,12.958100318908691,12.839654922485352
0124041-O1,3.421099901199341,3.6076292991638184
0147283-Sr5,8.274399757385254,8.53726577758789
0153176-O15,3.420799970626831,3.5184273719787598
0143825-O3,3.684000015258789,3.855653762817383
0160074-Fe1,0.8126000165939331,1.5456441640853882
0136665-Co2,4.098800182342529,3.169487953186035
0126619-La1,9.942700386047363,8.038955688476562
0136293-O2,2.8649001121520996,3.078848361968994
0009694-Fe1,6.001299858093262,5.424883842468262
0115470-O2,3.6714000701904297,3.49984073638916
0110854-Ti1,15.01449966430664,14.779692649841309
0110289-In2,6.8892998695373535,6.831166744232178
0107855-O2,6.151100158691406,6.174746990203857
0153176-Fe16,5.287399768829346,5.5893449783325195
0153176-Fe2,6.365799903869629,6.3508453369140625
0110156-O4,3.990600109100342,3.921851634979248
0177189-Mn1,4.767099857330322,4.603310585021973
0289729-Ca1,7.750400066375732,8.197427749633789
0153176-O27,3.235300064086914,3.412280559539795
0171017-O8,1.7102999687194824,1.6533058881759644
0194560-O1,5.260900020599365,5.423257827758789
0289862-O1,6.406199932098389,6.51174783706665
0195961-Sr1,8.930800437927246,8.862716674804688
0142004-Fe10,7.347300052642822,6.636626720428467
0143474-O2,3.694999933242798,3.569671630859375
0108699-O1,5.434999942779541,5.63273286819458
0289796-Nb3,16.57659912109375,16.250484466552734
0162339-Fe5,4.658100128173828,4.6873040199279785
0142004-O21,3.2641000747680664,3.2357583045959473
0185165-Ba1,4.594699859619141,4.724359035491943
0169397-La1,11.022700309753418,10.750008583068848
0110289-Ba1,8.211700439453125,8.075071334838867
0162642-Y1,12.585100173950195,12.434667587280273
0193122-O3,2.8798999786376953,2.7869954109191895
0109710-Ti1,14.899399757385254,15.227227210998535
0154647-O2,4.1209001541137695,4.250366687774658
0176585-O2,4.811500072479248,5.292142391204834
0118499-Co1,4.655399799346924,4.6378960609436035
0110156-O2,4.0503997802734375,4.220738887786865
0010541-Sr1,8.60890007019043,8.848031044006348
0171017-O6,2.9495999813079834,2.9496326446533203
0109458-O6,5.419600009918213,5.3673200607299805
0290130-Ce1,15.933699607849121,15.953776359558105
0185205-Ba1,6.332900047302246,6.58358907699585
0155205-O1,2.475100040435791,2.583897113800049
0289838-O1,3.5104000568389893,5.453125476837158
0163417-O4,2.9047999382019043,2.9952549934387207
0153176-O22,3.654099941253662,3.4686179161071777
0143474-O1,3.686199903488159,3.4965767860412598
0153176-Fe7,3.3331000804901123,3.167374610900879
0170164-Co2,4.624599933624268,3.855133056640625
icsd427482-Ce2,4.928599834442139,6.245403289794922
0136334-La3,8.737000465393066,8.654011726379395
0109684-In1,6.941999912261963,6.8449578285217285
0290206-Sr1,8.440600395202637,8.31466007232666
0111567-O12,6.1468000411987305,6.002713680267334
0010375-O1,5.336900234222412,5.324471950531006
0109458-O5,5.0833001136779785,5.641082763671875
0290198-Ce1,15.385199546813965,15.081221580505371
0146652-Mn1,8.63640022277832,9.114127159118652
0156399-La1,8.227999687194824,8.149718284606934
0185027-Ba1,6.6956000328063965,6.688560962677002
0116531-Fe4,5.3942999839782715,5.750673770904541
0135701-Ba2,8.714200019836426,8.58552074432373
0167571-Fe7,6.132500171661377,5.410407066345215
0177189-Y1,10.524499893188477,6.391526699066162
0191847-Fe3,1.6089999675750732,1.8035212755203247
0185027-Ba25,6.651500225067139,6.433022975921631
0290296-O1,6.573500156402588,6.658237934112549
0163417-Mn1,8.340999603271484,8.604544639587402
0136665-O2,2.464600086212158,2.5394301414489746
0290243-O2,5.472400188446045,5.48545503616333
0193359-O1,4.519000053405762,4.502761363983154
0110156-O3,4.114500045776367,4.2238240242004395
0155087-Ca1,6.693900108337402,8.329596519470215
0290243-O10,5.547100067138672,5.465127944946289
0009494-O1,6.811500072479248,6.4111857414245605
0153176-O11,3.2116000652313232,3.322322368621826
0111982-Y1,13.205400466918945,12.617880821228027
0182299-O1,5.703000068664551,5.5606255531311035
0185027-Fe6,3.9042000770568848,4.14752197265625
0195961-Nb1,16.29159927368164,15.824841499328613
0111567-O8,5.946599960327148,5.850499629974365
0147283-O11,2.0785999298095703,2.047055244445801
0290243-O4,5.847799777984619,5.7106828689575195
0108927-Ba1,7.342199802398682,7.526594638824463
0135701-Ba3,8.70740032196045,8.77920150756836
0162339-Sr2,7.330999851226807,7.357336521148682
0146578-O4,2.2660000324249268,2.5007381439208984
0111479-O2,5.39300012588501,5.578461647033691
0124041-Fe1,2.8784000873565674,2.979231357574463
0120257-O4,4.973999977111816,5.028401851654053
0111982-O1,6.619900226593018,6.56676721572876
0185165-Mn1,3.0125999450683594,3.067756175994873
0185205-O3,2.2623000144958496,2.768047332763672
0111567-O13,5.587299823760986,5.629614353179932
0144940-Mn2,8.253000259399414,8.343798637390137
0185027-O48,3.5436999797821045,3.6588807106018066
0107855-O7,6.139900207519531,6.06776762008667
0117717-Ca1,5.091100215911865,4.974252700805664
0136334-O8,2.6891000270843506,3.4821200370788574
0116531-O20,3.451200008392334,3.45192813873291
0117270-O5,1.4804999828338623,2.4872846603393555
0110156-O5,4.720300197601318,5.144677639007568
0161406-Sr2,8.753199577331543,8.590725898742676
0194723-O1,5.6107001304626465,5.827005863189697
0116531-O1,3.365299940109253,3.4683613777160645
0142004-O17,3.236299991607666,3.41337251663208
0153176-Fe13,5.03849983215332,5.201565265655518
0108933-O5,6.263000011444092,6.197284698486328
0289618-O1,2.689300060272217,2.5495729446411133
0009808-O1,3.5343000888824463,3.4309864044189453
0135701-Ba1,8.607600212097168,8.875625610351562
0163417-La1,13.055399894714355,12.888359069824219
0142463-O2,2.2500998973846436,2.2344608306884766
0185492-Ba1,8.422200202941895,8.494495391845703
0142004-Fe6,5.691999912261963,5.628256797790527
0290243-O6,5.69320011138916,5.650575637817383
0167571-Fe8,5.999000072479248,5.526193141937256
0178128-Mn2,6.454599857330322,6.2262163162231445
0185027-O26,3.0934998989105225,3.1647744178771973
0179730-Sr4,6.17609977722168,6.315974235534668
0108446-Al1,13.795599937438965,13.650077819824219
0145133-O3,3.50819993019104,2.9782137870788574
0011911-Fe2,6.439700126647949,6.155728816986084
0289691-O2,5.747799873352051,5.70669412612915
0116531-Ba2,7.773099899291992,7.989454746246338
0194582-O3,5.844699859619141,5.949092864990234
0109458-O2,5.561800003051758,5.238985538482666
0141559-Fe1,3.4144999980926514,3.2466273307800293
0178128-O3,3.0485999584198,2.100184440612793
0179730-Sr1,6.954100131988525,7.08889627456665
0167571-Fe14,6.356400012969971,5.893458843231201
0146652-O4,2.463099956512451,2.4217329025268555
0290080-Ti1,15.479999542236328,15.135224342346191
0289796-O8,5.868000030517578,5.821994781494141
0185492-O1,3.003200054168701,3.168551445007324
0010731-Ti1,16.663000106811523,14.243457794189453
0136293-Co2,5.052299976348877,4.592105865478516
0289729-O1,3.5518999099731445,3.2698287963867188
0159544-Fe1,6.168300151824951,6.122697830200195
0119208-O1,6.025000095367432,5.5274763107299805
0125741-O3,2.6124000549316406,2.6279120445251465
0142004-Fe2,5.678299903869629,5.5067362785339355
0167571-O9,3.0299999713897705,3.0931859016418457
0171017-O3,2.8190999031066895,2.8677477836608887
0116531-O4,3.4672000408172607,3.4815473556518555
0176178-O1,5.294899940490723,5.354065895080566
0146578-Mn1,8.408900260925293,8.657404899597168
0010021-Ni1,3.24399995803833,4.313581943511963
0109710-O3,5.771399974822998,5.724664211273193
0167571-O21,3.177799940109253,3.249948501586914
0167571-O10,2.781899929046631,3.0648131370544434
0187243-Co1,6.927499771118164,6.390579700469971
0135701-O4,2.78629994392395,2.7967095375061035
0174252-La2,12.405400276184082,12.502084732055664
0109092-Y3,13.983099937438965,13.663359642028809
0144940-O1,3.406899929046631,3.272037982940674
0289949-Ce1,15.872300148010254,15.601460456848145
0110156-In2,8.74899959564209,8.494036674499512
0124785-Fe1,1.53410005569458,1.6566466093063354
0195961-O5,4.326900005340576,4.586801528930664
0290062-O1,6.2144999504089355,5.178640842437744
0135701-Mn3,8.533100128173828,8.547811508178711
0153176-Fe15,5.01200008392334,5.231790542602539
0143474-O5,3.4574999809265137,3.629528045654297
0111508-O1,6.661099910736084,6.68235445022583
0109092-O4,6.795400142669678,6.462375164031982
0142004-Fe14,5.767300128936768,5.6746697425842285
0171017-O1,2.8092000484466553,2.894972801208496
0142004-Fe3,5.587100028991699,5.624933242797852
0116531-O10,3.7311999797821045,3.4570422172546387
0185027-O38,3.2723000049591064,3.26967716217041
0108427-O1,6.160099983215332,6.2139153480529785
0174252-O4,5.425300121307373,5.093760013580322
0136293-O10,0.298799991607666,0.48196542263031006
0185027-O23,3.275399923324585,3.154007911682129
0145761-O1,5.341000080108643,5.089682102203369
0153176-Fe4,4.046800136566162,3.7400341033935547
0111567-La2,13.267200469970703,13.094021797180176
0111567-O4,5.706200122833252,5.8299150466918945
0185027-Fe14,5.548999786376953,4.8307976722717285
0185027-O6,3.196000099182129,3.301271915435791
0112334-Ti1,15.099100112915039,15.16170597076416
0170357-Co1,3.5994999408721924,3.5767884254455566
0143911-La2,12.991399765014648,13.206040382385254
0108427-Al2,13.00629997253418,12.967985153198242
0169441-O4,2.774899959564209,2.2946205139160156
0169441-Fe1,7.56879997253418,7.238711833953857
0111479-O1,5.117300033569336,5.358173847198486
0145761-O2,5.467400074005127,5.657729148864746
0116531-Fe6,6.042699813842773,5.809891700744629
0116531-Fe8,5.7434000968933105,5.690403461456299
0107855-Al1,13.036399841308594,12.703156471252441
0162339-O8,3.652899980545044,3.5235133171081543
0117270-Mn5,4.752099990844727,4.530923843383789
0109668-O4,3.766700029373169,4.029964923858643
icsd427482-O1,6.89139986038208,6.7191853523254395
0109668-O3,3.939300060272217,4.104964733123779
0111982-O4,6.657199859619141,6.417270183563232
0115344-O3,0.2815000116825104,0.7845965623855591
0108321-O2,6.377799987792969,6.329336643218994
0185027-Ba15,6.892600059509277,6.572632312774658
0184694-Ba2,7.414400100708008,8.784207344055176
0290080-O3,6.271599769592285,6.129033088684082
0155087-Co1,5.32450008392334,5.064220428466797
0179730-O4,4.054900169372559,3.948385238647461
0111316-O2,4.48390007019043,4.298487663269043
0167571-O12,3.2186999320983887,3.140273094177246
0185165-O4,5.21999979019165,5.257996082305908
0167571-O20,3.500699996948242,3.440556049346924
0109458-O4,5.572999954223633,5.7174763679504395
0117717-O1,4.02869987487793,3.396967887878418
0110854-O4,6.718900203704834,6.511677265167236
0162339-Fe4,4.174300193786621,4.391726016998291
0153176-O16,3.3278000354766846,3.471987247467041
0171017-O9,1.7075999975204468,1.7166861295700073
0170770-Fe1,2.097399950027466,2.241410732269287
0011908-O2,3.5487000942230225,3.530730724334717
0111567-O10,5.720699787139893,5.861664772033691
0109458-Ti3,15.124899864196777,15.11698055267334
0011304-O1,3.8859000205993652,3.8095946311950684
0142004-O28,3.173799991607666,3.222421169281006
0167571-O4,3.1821000576019287,3.295220375061035
0107855-Ca1,9.118499755859375,9.113986015319824
0188731-Fe1,7.19950008392334,7.1813435554504395
0185027-Fe25,4.222700119018555,3.9887876510620117
0191339-Fe2,1.6302000284194946,1.7459896802902222
0108143-O5,6.09630012512207,5.9939985275268555
0185027-Fe20,3.9944000244140625,4.114186763763428
0143911-O2,5.929699897766113,5.898970127105713
0108689-O2,5.125100135803223,5.201873779296875
0111567-O11,5.87060022354126,5.957529544830322
0191847-O2,3.2435998916625977,3.466146469116211
0185027-Ba2,6.559299945831299,6.70681619644165
0109092-Y4,14.384499549865723,14.052748680114746
0118499-O3,2.3538999557495117,2.309791088104248
0151582-Nb1,17.108600616455078,16.882925033569336
0185027-O40,3.8601999282836914,3.723233222961426
0108699-Ti1,14.44909954071045,14.225505828857422
0126839-O4,1.902500033378601,1.9000812768936157
0156399-O2,5.40310001373291,5.1430182456970215
0167571-Fe1,5.955900192260742,5.852114200592041
0112035-O1,5.5218000411987305,5.87966775894165
0109710-Ca1,9.332900047302246,9.203381538391113
0146652-Sr1,8.804200172424316,8.772958755493164
0185027-O13,3.3173999786376953,3.1409058570861816
0111567-Ti1,14.596099853515625,14.011412620544434
0169661-Ba2,7.94290018081665,7.66732931137085
0116531-Fe10,6.10830020904541,6.068248748779297
0290198-Sr1,8.331000328063965,8.100142478942871
0159784-O1,5.436800003051758,5.192194938659668
0289796-O1,5.821700096130371,5.815040111541748
0161406-Fe2,5.8597002029418945,5.558946132659912
0289614-Ba1,8.519599914550781,8.60233211517334
0112035-Y1,13.112799644470215,13.133468627929688
0147283-O2,3.1034998893737793,2.8493194580078125
0160074-O1,4.916299819946289,4.689542770385742
0111567-O6,5.790599822998047,5.82116174697876
0185027-O52,3.447999954223633,3.4334092140197754
0107269-O8,6.30679988861084,6.27598762512207
0109668-O1,4.572400093078613,4.557326316833496
0110270-O1,4.03879976272583,4.1378984451293945
0185027-O21,2.928800106048584,2.992358684539795
0290206-O2,5.338399887084961,5.586645603179932
0145761-Mn2,3.6087000370025635,3.561922550201416
0161406-Sr3,8.53849983215332,8.376675605773926
0193122-Mn2,5.743000030517578,5.632242202758789
0185027-Ba7,6.597899913787842,6.5248494148254395
0185165-O2,5.433599948883057,5.001627445220947
0116531-O7,3.5174999237060547,3.456916332244873
0120257-La1,8.747300148010254,7.837463855743408
0153176-O1,3.081199884414673,3.106184482574463
0167571-O26,3.0209999084472656,3.2700510025024414
0174238-O2,4.3815999031066895,4.116366386413574
0185027-O68,2.816699981689453,2.800884246826172
0111085-O2,5.7683000564575195,5.7060017585754395
icsd427481-Ba1,7.048699855804443,3.7962803840637207
0289796-Nb1,16.483999252319336,16.268882751464844
0194560-O3,5.661900043487549,5.710430145263672
0116531-Fe2,5.892099857330322,5.821360111236572
0133995-Ba1,9.732000350952148,9.541224479675293
0169397-O2,2.4289000034332275,2.228238105773926
0290243-Sr1,9.219200134277344,9.171418190002441
0116531-O21,3.5861001014709473,3.5465755462646484
0155087-O1,4.313700199127197,4.474732398986816
0169441-O2,2.4014999866485596,2.6899547576904297
0116531-O18,3.3608999252319336,3.313873291015625
0142004-O15,3.5123000144958496,3.393075466156006
0135701-O6,2.404099941253662,2.5318617820739746
0289952-O2,1.2091000080108643,1.155337929725647
0111316-In1,8.498900413513184,8.161442756652832
0115470-O3,3.714400053024292,3.430492401123047
0193122-O4,2.99780011177063,2.8569178581237793
0108427-O2,6.372600078582764,6.27471923828125
0111567-La4,14.21619987487793,14.240168571472168
0116531-O13,3.1182000637054443,3.2964682579040527
0110156-Ti1,15.61050033569336,15.527321815490723
0171017-Sr6,7.738999843597412,7.575900554656982
0118499-Ca1,7.247099876403809,7.696930408477783
0144307-Nb1,16.983299255371094,16.641284942626953
0169441-Ba2,7.645699977874756,7.620784282684326
0109684-Ba1,8.407699584960938,8.53608512878418
0011764-O1,4.910900115966797,4.9688520431518555
0117270-O11,1.2961000204086304,1.457414984703064
0185027-Ba22,6.620699882507324,6.469040393829346
0167571-O27,3.1379001140594482,3.2940921783447266
0195961-O7,4.702000141143799,4.498832702636719
0116531-Ba3,7.807499885559082,8.373229026794434
0010389-O1,4.275100231170654,4.43030309677124
0012072-O1,2.8808000087738037,3.1212539672851562
0126437-O1,5.712600231170654,6.053033828735352
0184694-O2,3.250200033187866,3.4294939041137695
0290102-O2,4.787600040435791,4.944972038269043
0185027-O61,3.598900079727173,3.629122257232666
0161406-O2,1.8585000038146973,1.3435834646224976
0290062-Mg2,9.138699531555176,8.95041275024414
0146652-O2,2.2070999145507812,2.471653461456299
0185027-O10,2.888700008392334,2.9479098320007324
0009808-Fe1,6.990300178527832,6.925443172454834
0185205-O1,2.6054000854492188,2.7087783813476562
0012011-Mn1,8.490900039672852,8.099957466125488
0009494-Mg1,9.542799949645996,9.410542488098145
0142004-O10,2.9809999465942383,3.1421127319335938
0012370-Mn1,3.0841000080108643,2.967653274536133
0290243-Nb3,16.665199279785156,16.043243408203125
0185027-O11,3.3856000900268555,3.178032875061035
0146578-Mn2,8.80270004272461,9.10709285736084
0289591-Al1,6.950900077819824,7.102689266204834
0170770-O1,5.36299991607666,5.036625862121582
0117270-O10,2.3703999519348145,2.4772539138793945
0195961-Nb4,17.215099334716797,17.020057678222656
0290005-Mg1,9.379599571228027,9.392661094665527
0155087-O3,3.933799982070923,4.103636264801025
0011764-Ti1,15.234800338745117,15.25076961517334
0125667-O1,2.74429988861084,2.676304340362549
0108143-O1,6.184599876403809,6.184782981872559
0009973-O1,6.888700008392334,6.935841083526611
0153176-Fe10,2.7676000595092773,1.9957877397537231
0185027-O33,3.6870999336242676,3.7850418090820312
0170164-O2,3.2941999435424805,3.053739070892334
0185492-O3,2.5039000511169434,2.7628602981567383
0009499-O2,5.51039981842041,5.385098934173584
0176178-O3,5.70389986038208,5.766165733337402
0185027-O43,3.709700107574463,3.658219814300537
0110289-O1,3.831899881362915,3.5531911849975586
0110289-O2,3.067500114440918,2.993746757507324
0167571-O5,3.4677000045776367,3.4724392890930176
0162339-Sr4,7.143099784851074,7.415858745574951
0179580-O2,5.594399929046631,6.151010990142822
0136665-O3,2.409899950027466,2.571892738342285
0185027-O35,3.339200019836426,3.2822837829589844
0112334-O4,6.124599933624268,6.138653755187988
0116531-Fe3,5.621500015258789,5.862231254577637
0126619-O1,3.731100082397461,3.7400641441345215
0185027-O42,3.9052000045776367,3.7635412216186523
0290296-Y1,14.018600463867188,13.617243766784668
0185027-O63,3.3508999347686768,3.2104010581970215
0185107-O5,1.733199954032898,1.6918514966964722
0149539-Ti1,12.104299545288086,12.054909706115723
0185027-O1,2.941800117492676,2.878122329711914
0147283-O10,2.1314001083374023,2.42219877243042
0289934-La1,12.759900093078613,6.0900349617004395
0115344-O8,1.1015000343322754,1.0904773473739624
0161406-Sr1,8.346799850463867,8.439773559570312
0185027-Fe4,3.7936999797821045,3.925828456878662
0169397-Co1,3.933000087738037,4.3063225746154785
0179730-O6,4.169000148773193,4.142005920410156
0167571-Fe9,6.654099941253662,6.292081356048584
0112035-Ti1,15.16450023651123,14.729636192321777
0185107-Co1,5.677000045776367,5.353933811187744
0167571-Fe6,5.811600208282471,5.737440586090088
0145133-O2,3.240799903869629,3.001901149749756
0167571-Fe10,6.8069000244140625,6.548119068145752
0136334-Co1,2.601599931716919,2.7320895195007324
0113386-Al2,10.944499969482422,10.087885856628418
0167571-O19,3.38919997215271,3.4638195037841797
0185027-O60,3.612799882888794,3.6262264251708984
0185027-Fe13,4.999899864196777,4.498505115509033
0109092-O2,6.187600135803223,6.220818519592285
0109092-O1,6.171299934387207,6.2411627769470215
0185027-Ba4,6.57450008392334,6.674193859100342
0162339-O9,3.1013998985290527,3.5191144943237305
0162339-Sr3,7.13040018081665,7.4167962074279785
0108689-O1,3.576200008392334,3.6460227966308594
0111567-O14,5.951300144195557,5.8651838302612305
0136665-Sr1,6.684000015258789,7.034013271331787
0115344-O7,1.2223000526428223,1.09074866771698
0009648-Co1,4.6458001136779785,4.591878890991211
0290243-Sr2,10.253600120544434,10.11955451965332
0177189-O1,4.3470001220703125,4.343074798583984
0179730-O3,3.9846999645233154,4.045614719390869
0169661-Ba1,7.232999801635742,7.183055400848389
0179730-Mn1,5.075300216674805,5.246763229370117
0162339-O3,3.4098000526428223,3.3201346397399902
0133995-Nb1,16.643999099731445,15.99583911895752
0109770-In1,8.87559986114502,8.736227989196777
0142004-O22,3.0088999271392822,3.2064080238342285
0167571-Fe5,5.749300003051758,5.683175086975098
0185027-O27,3.151400089263916,3.1821556091308594
0111542-La2,13.394100189208984,13.458009719848633
0185027-O59,3.376300096511841,3.6506333351135254
0009499-O1,6.246600151062012,6.05753755569458
0185027-O32,3.696899890899658,3.769557476043701
0117270-Ba1,7.465000152587891,7.538961887359619
0167571-O15,3.5327000617980957,3.4918437004089355
0107269-O2,6.184999942779541,6.086792469024658
0012299-Co1,4.119100093841553,4.106327056884766
0177189-O2,4.303800106048584,4.48368501663208
0109333-Ti1,15.234100341796875,14.759390830993652
0112035-O2,6.9369001388549805,6.960484027862549
0009491-Co1,5.377900123596191,5.724652290344238
0125741-O2,2.247999906539917,2.1111655235290527
0185027-Ba9,6.537700176239014,6.6945929527282715
0143474-O4,3.6740000247955322,3.581340789794922
0109710-Ca2,8.869999885559082,8.890127182006836
0009540-Al1,12.368800163269043,12.108721733093262
0171017-Co4,4.816999912261963,4.83620548248291
0109684-O1,3.607800006866455,3.645103931427002
0119208-O3,5.740600109100342,5.72289514541626
icsd16404-O1,4.968500137329102,4.957045078277588
0135701-Mn1,8.645099639892578,8.611352920532227
0115344-O10,0.8996000289916992,1.0380991697311401
0112334-O5,5.6579999923706055,5.902973651885986
0147283-Sr6,8.338600158691406,8.472697257995605
0153176-Fe11,2.736599922180176,1.90402352809906
0188731-Nb1,14.40820026397705,14.320859909057617
0115470-Ba1,9.028400421142578,8.832780838012695
0108699-Ba1,9.116399765014648,9.212302207946777
0153176-O10,3.4077999591827393,3.3845582008361816
0191339-Fe1,2.650099992752075,2.6028504371643066
0146578-O1,3.160599946975708,3.139761447906494
0107269-O6,6.296599864959717,6.368577480316162
0289949-O1,4.445700168609619,4.172482490539551
0290243-O13,5.684299945831299,5.646228790283203
0174238-Fe1,5.801799774169922,7.566688060760498
0149894-O4,4.973499774932861,5.016983985900879
0167571-O3,3.1986000537872314,3.381671905517578
0136334-O10,2.4888999462127686,3.020756721496582
0108143-Al4,12.979599952697754,12.798296928405762
0142004-Fe11,6.996699810028076,6.610949993133545
0290102-O3,5.80079984664917,5.74566650390625
0010375-Ba1,8.772899627685547,8.984601974487305
0289796-O4,5.992000102996826,5.8019609451293945
0012370-O1,5.131800174713135,5.249146461486816
0111982-O2,6.620800018310547,6.573657512664795
0109458-Ti2,14.378999710083008,13.802037239074707
0012299-O1,4.074100017547607,3.899538516998291
0107269-Al1,12.711199760437012,12.775317192077637
0126619-Mn1,4.273799896240234,4.01234769821167
0136334-Co4,3.0009000301361084,2.9466662406921387
0153176-O17,3.351300001144409,3.46405029296875
0120257-O2,5.983099937438965,5.719395637512207
0108933-O3,6.237199783325195,6.263010025024414
0116531-O9,3.6579999923706055,3.4627318382263184
0185027-O54,3.3636999130249023,3.434098720550537
0110270-In2,6.905700206756592,7.024906635284424
0108933-Sr2,9.826399803161621,9.821084976196289
0147283-O6,2.7648000717163086,2.876026153564453
0109333-O1,5.511099815368652,5.299985408782959
0112334-Y1,14.234299659729004,15.166098594665527
0149894-Ni2,3.788100004196167,3.824431896209717
0108427-O4,6.731100082397461,6.703571796417236
0109333-O3,5.8221001625061035,5.708191871643066
0117270-O1,1.8772000074386597,2.111158847808838
0142004-Fe9,6.60099983215332,6.721203327178955
0185027-O50,3.5422000885009766,3.6088528633117676
0141559-O3,5.4664998054504395,5.456852436065674
0010528-O1,4.343400001525879,4.416882038116455
0156399-O3,5.202199935913086,4.821376323699951
0110733-O2,4.646900177001953,4.664222717285156
0193429-Sr2,8.338299751281738,8.185816764831543
0117270-Ba2,7.483399868011475,7.270448207855225
0108927-Y2,13.118900299072266,12.070281982421875
0147283-O13,3.0627999305725098,3.0375161170959473
0108699-Ti2,15.222599983215332,14.914727210998535
0289885-La1,14.877099990844727,15.344433784484863
0153176-O24,3.6338000297546387,3.444497585296631
0289952-O1,1.347000002861023,1.6043795347213745
0126437-Mg1,9.461999893188477,9.29401683807373
0188731-O1,3.329699993133545,3.6935997009277344
0162339-O13,3.171299934387207,3.077237606048584
0167571-O16,3.418800115585327,3.4352164268493652
0117270-Mn4,4.86899995803833,4.437197685241699
0185027-O25,3.1349000930786133,3.163231372833252
0185027-O4,3.375699996948242,3.218980312347412
0111567-O3,5.684000015258789,5.840647220611572
0174238-O1,4.3780999183654785,3.899013042449951
0194560-Ni1,5.131400108337402,5.095134735107422
0159544-Sr1,8.569100379943848,8.41386604309082
0011233-Mn1,5.800000190734863,4.699062824249268
0136293-O11,0.3352999985218048,0.5070701837539673
0290296-Y2,14.109100341796875,13.64202880859375
0185107-O1,1.4104000329971313,1.4627488851547241
0289874-O1,6.451000213623047,6.396462440490723
0289774-O2,5.770699977874756,5.661078453063965
0136293-Sr4,8.344300270080566,8.575801849365234
icsd427482-Ba1,2.375,2.4320874214172363
0155205-O2,2.5041000843048096,2.450833797454834
0170164-O3,2.1772000789642334,2.0551323890686035
0011911-Mg1,8.754400253295898,8.790209770202637
0290062-Mg1,9.34280014038086,9.167024612426758
0109458-Ba1,9.952099800109863,9.675554275512695
0193429-Sr1,9.214900016784668,8.976137161254883
0185027-O14,3.174499988555908,3.1600513458251953
0010549-O1,4.926799774169922,4.962087154388428
0111567-O2,5.710000038146973,5.823437690734863
0185107-Ba2,8.350500106811523,8.384047508239746
0143825-O2,3.380199909210205,3.87489652633667
0162339-Sr1,7.311699867248535,7.410922527313232
0171017-O11,1.1026999950408936,1.3126252889633179
0290080-O1,5.662300109863281,5.755731105804443
0185027-Fe8,4.033599853515625,4.148202896118164
0289885-Nb1,16.208799362182617,15.73453426361084
0188731-O3,3.964099884033203,4.151511192321777
0178128-Mn3,5.239799976348877,5.08871603012085
0147283-Mn1,9.274800300598145,9.060837745666504
0163417-Mn2,8.270400047302246,7.8280463218688965
0146578-O3,2.550100088119507,2.9183921813964844
0185205-Fe1,6.598899841308594,6.613150119781494
0195961-O10,5.087200164794922,5.250762939453125
0010576-Mn1,4.460400104522705,4.5744829177856445
0153176-O9,3.131200075149536,3.271212577819824
0109092-O6,6.149199962615967,6.250133991241455
0185027-Fe28,3.841599941253662,3.959811210632324
0167571-O11,3.2083001136779785,3.1058897972106934
0136334-O5,2.9001998901367188,3.0667033195495605
0116531-O16,3.2769999504089355,3.277008056640625
0171017-O10,1.1009999513626099,1.320663332939148
0289796-O9,5.613900184631348,5.447455406188965
0136334-O9,2.4419000148773193,2.7900171279907227
0195961-O3,4.7453999519348145,4.764036178588867
0115470-Ba2,8.55090045928955,8.479731559753418
0153176-Fe3,6.119800090789795,6.552806377410889
0126839-O1,2.683300018310547,1.9520801305770874
0136334-O4,3.871799945831299,4.437290191650391
0111085-La1,12.332200050354004,13.202805519104004
0108927-O2,6.587299823760986,6.679616451263428
0010549-Ti1,15.546099662780762,15.324759483337402
0108321-O1,5.8592000007629395,6.434414386749268
0010528-Co1,3.438800096511841,4.788024425506592
0108427-O3,6.162499904632568,6.279603481292725
0142004-O23,3.1789000034332275,3.2458291053771973
0185027-Fe9,4.1149001121521,4.097845554351807
0167571-Fe4,5.670899868011475,5.226656913757324
0162339-O2,3.407399892807007,3.5238189697265625
0009499-Al2,9.816800117492676,9.723605155944824
0194281-O2,2.646699905395508,2.9309935569763184
0289691-Ba2,9.355199813842773,9.25682258605957
0011752-Mn2,4.789899826049805,5.292513847351074
0185492-Ba2,8.555100440979004,8.568120002746582
0193122-O1,2.7992000579833984,2.941244125366211
0193122-Mn1,5.937600135803223,5.650641918182373
0146578-Sr2,8.758999824523926,8.782336235046387
0110270-O2,3.2737998962402344,3.3265504837036133
0179730-O5,4.239699840545654,4.040977478027344
0010079-O1,6.570700168609619,6.065134525299072
0107855-O3,6.350200176239014,6.259340763092041
0107702-O1,6.242599964141846,6.284047603607178
0153176-Fe18,5.387199878692627,5.595206260681152
0290080-O2,5.509900093078613,5.509371280670166
icsd16404-La1,7.738500118255615,7.744506359100342
0167571-O13,3.554800033569336,3.44765567779541
0110733-O1,4.742400169372559,4.735853672027588
0111316-Sr1,8.34749984741211,8.840691566467285
0195961-O1,4.623799800872803,4.632144451141357
0113386-Al1,11.223699569702148,11.125353813171387
0136334-La1,8.704299926757812,8.526660919189453
0107702-Ca1,10.768699645996094,10.389925956726074
0009931-O1,4.412600040435791,4.461904048919678
0188731-O4,3.7609000205993652,3.7119922637939453
0125667-O2,2.1449999809265137,2.0979442596435547
0159759-Sr2,7.9096999168396,7.780651569366455
0185027-O51,3.1538000106811523,3.4187474250793457
0147283-O8,3.028599977493286,3.1423730850219727
0171017-O13,0.9632999897003174,0.7402807474136353
0171017-Co2,5.203999996185303,5.01183557510376
0009648-O1,4.120100021362305,4.082517147064209
0108143-O2,6.148399829864502,6.179842948913574
0169397-O1,2.6203999519348145,2.2562007904052734
0142004-O27,3.0072999000549316,3.2146167755126953
0107855-Al2,12.908699989318848,12.785367012023926
0142004-Fe12,6.51800012588501,6.705099582672119
0109092-Y2,15.041899681091309,14.9409761428833
0110270-O3,3.8089001178741455,3.3198304176330566
0107269-O12,6.281700134277344,6.273563385009766
0193359-O2,5.640699863433838,5.789556503295898
0167571-O18,3.4507999420166016,3.4764156341552734
0117270-O2,1.726099967956543,2.105837821960449
0133995-O3,5.374199867248535,5.284553050994873
0193122-Mn3,5.648099899291992,5.5702056884765625
0144307-Mg1,10.3503999710083,10.126325607299805
0107855-O8,6.114299774169922,6.021122932434082
0010375-O2,5.40369987487793,5.494710922241211
0107702-O3,6.210700035095215,6.377599716186523
0289874-Al1,12.553199768066406,12.243794441223145
0111982-O3,6.670499801635742,6.621073246002197
0116531-O14,3.138000011444092,3.268082618713379
0009694-O1,4.225200176239014,4.00474739074707
0116531-O22,3.396399974822998,3.512486457824707
0159759-Fe1,6.2052001953125,5.9804368019104
0193359-La1,8.542499542236328,7.458481311798096
0156399-Co2,2.5190999507904053,2.782047748565674
0108927-O4,6.626200199127197,6.676372051239014
0120257-O1,5.174600124359131,4.826192855834961
0142004-O19,3.643199920654297,3.397632122039795
0167571-O8,3.3733999729156494,3.400872230529785
0171017-O5,3.075000047683716,2.927246570587158
0153176-O3,3.057499885559082,3.0765299797058105
0124785-O3,5.401599884033203,5.465749740600586
0153176-O14,3.3178999423980713,3.5022010803222656
0009944-Ni1,4.060800075531006,4.031291484832764
0179730-Sr3,6.6305999755859375,6.822547435760498
0289691-O1,5.894599914550781,5.623132705688477
0153176-O21,3.654099941253662,3.4354114532470703
0111567-O7,6.000400066375732,5.865082263946533
0167571-Fe2,6.011899948120117,5.997482776641846
0143474-O3,3.7262001037597656,3.5848746299743652
0147283-O14,3.1187000274658203,2.999927043914795
0188787-Fe1,5.165599822998047,5.074880123138428
0179730-Sr2,6.843999862670898,6.770627498626709
0185027-Ba5,6.470600128173828,6.4928059577941895
0110854-La2,13.874799728393555,14.178348541259766
0289952-Mg1,6.223899841308594,6.279201984405518
0011562-O1,3.704400062561035,3.612905502319336
0111542-La1,13.261099815368652,13.457550048828125
0108933-O7,6.248199939727783,6.271002769470215
0113386-O4,4.417200088500977,4.72689962387085
0146652-Mn2,8.590800285339355,8.669992446899414
0108927-O3,6.663599967956543,6.761844158172607
0142463-Sr1,7.496099948883057,7.660619258880615
0185027-Fe18,4.175600051879883,4.2593793869018555
0143825-Ti1,12.863100051879883,12.679085731506348
0167571-O22,3.4612998962402344,3.069523334503174
0170164-Mn1,7.384200096130371,7.261244297027588
0136293-Co4,4.863500118255615,4.482457637786865
0009491-O1,6.2195000648498535,6.27064847946167
0136665-O1,2.3740999698638916,2.457834243774414
0115344-Ba4,8.180999755859375,8.19882869720459
0171017-Co1,4.304999828338623,4.828170299530029
0135701-O3,3.0088999271392822,2.8318653106689453
0125741-Mn1,9.962300300598145,9.791415214538574
0011911-O2,3.7720000743865967,3.493133544921875
0179580-Mn1,10.759900093078613,10.516526222229004
0170357-Co2,3.3008999824523926,3.3169007301330566
0156399-Co1,2.4177000522613525,2.3891406059265137
0151582-O1,5.859099864959717,5.624423980712891
0011562-O2,3.6120998859405518,3.6985902786254883
0116531-O8,3.2532999515533447,3.445472240447998
0191339-O2,3.392199993133545,3.432950973510742
0289885-O1,5.6118998527526855,5.9687180519104
0144940-O3,2.516900062561035,2.3293404579162598
0135701-O1,2.1993000507354736,1.9684151411056519
0185027-Ba11,6.560699939727783,6.676787853240967
0115344-Ba2,8.44480037689209,8.147200584411621
0142004-O12,3.1187000274658203,3.0151710510253906
0159784-Ti1,11.05150032043457,11.182332992553711
0009889-In2,9.032099723815918,8.893281936645508
0133995-O2,5.478400230407715,5.339646339416504
0289934-O1,6.360400199890137,6.450524806976318
0011304-Mn1,5.494500160217285,4.745367527008057
0169441-O3,2.6558001041412354,2.5726990699768066
0178128-Mn1,5.758699893951416,5.4742655754089355
0289796-O11,5.901299953460693,6.035658836364746
0012370-Ba1,5.082399845123291,4.390427112579346
0185408-Mn1,5.119200229644775,5.110243320465088
0115344-O9,1.211899995803833,0.9820741415023804
0185107-Ba1,8.862199783325195,8.788992881774902
0162339-O11,2.396699905395508,3.2922983169555664
0011911-Fe1,6.450399875640869,6.420661449432373
0290243-Nb4,13.908699989318848,13.637179374694824
0185027-Ba26,6.17080020904541,6.444408893585205
0009499-Al1,9.585100173950195,11.630840301513672
0185027-Ba12,6.61329984664917,6.698567867279053
0107855-Al4,12.745699882507324,12.568726539611816
0185027-Ba3,6.756199836730957,6.714433193206787
0107855-Ca3,10.305299758911133,10.150720596313477
0108933-Al4,12.922300338745117,12.962641716003418
0289838-Ce1,17.138200759887695,16.899532318115234
0012201-Fe1,5.564199924468994,3.7347588539123535
0010541-Ti1,14.643099784851074,14.491923332214355
0141559-O1,5.412899971008301,5.561169147491455
0153176-Fe17,5.313600063323975,5.487306594848633
0174252-O3,4.911399841308594,4.974918365478516
0107855-Al3,12.723099708557129,12.532882690429688
0115344-Fe1,4.6834001541137695,4.524386405944824
0142004-Fe1,5.983500003814697,5.651889801025391
0010438-O1,4.43149995803833,4.494421005249023
0185027-O8,2.936800003051758,2.954197883605957
0110270-In1,7.477200031280518,7.33517599105835
0109710-O1,5.514100074768066,5.710629940032959
0136293-Sr2,9.307100296020508,8.982510566711426
0108933-O6,6.3343000411987305,6.305822849273682
0185165-Ba2,4.464900016784668,5.019662857055664
0109684-O2,3.9611001014709473,3.8482208251953125
0012011-O1,2.7039999961853027,3.165696620941162
0289832-O2,6.513500213623047,6.717021465301514
0185027-O39,3.875200033187866,3.7615342140197754
0193122-O2,3.1600000858306885,2.9155545234680176
0115344-Ba3,8.244500160217285,8.261519432067871
0141559-Ti1,8.676300048828125,8.06442928314209
0155087-O2,3.323899984359741,3.611845016479492
0120257-O5,5.249599933624268,5.202470302581787
0185027-Fe23,4.700900077819824,4.269479274749756
0111316-O1,4.45389986038208,4.469113349914551
0149894-Ni1,3.5936999320983887,3.562943458557129
0142004-Fe16,5.53000020980835,5.671440601348877
0182299-Nb1,16.04669952392578,15.5212984085083
0169441-Ba1,6.641900062561035,7.319138050079346
0185408-Ba1,11.767900466918945,9.461158752441406
0185027-O31,3.706199884414673,3.736447334289551
0009684-Fe1,0.9293000102043152,2.5759410858154297
0290125-O3,4.331299781799316,4.674427032470703
0009648-Co2,5.078499794006348,4.953309059143066
0195961-O9,4.961599826812744,4.730481147766113
0142004-Sr1,8.281000137329102,8.306649208068848
0161406-Fe1,5.594200134277344,5.4138407707214355
0011580-O1,3.734499931335449,3.695850372314453
0144307-O1,5.558700084686279,5.597727298736572
0185027-O17,2.9763998985290527,2.9206156730651855
0009944-O2,3.4804999828338623,3.512880802154541
0109092-O8,6.290599822998047,6.233728885650635
0185027-Ba8,6.438499927520752,6.518538951873779
0109458-O1,5.8796000480651855,5.759326934814453
0289774-Ti1,15.187100410461426,14.942782402038574
0142004-Fe18,5.649099826812744,5.684879302978516
0185027-O55,3.1686999797821045,3.270956039428711
0135701-O2,2.4482998847961426,2.4545445442199707
0110156-O1,4.472599983215332,4.5562520027160645
0108143-Al2,13.13379955291748,12.829123497009277
0290125-Nb1,16.51810073852539,16.385242462158203
0107269-O10,6.320899963378906,6.24355411529541
0116531-O19,3.4094998836517334,3.4353952407836914
0153176-Fe9,4.185100078582764,3.981560230255127
0184694-Mn1,10.895500183105469,10.934561729431152
0136334-O3,4.105299949645996,4.040314674377441
0289876-Mn1,4.276100158691406,4.382366180419922
0012201-O1,4.084799766540527,3.8000192642211914
0161406-O1,1.760699987411499,1.9681874513626099
0185492-Mn2,8.677499771118164,8.616578102111816
0289832-O1,6.423999786376953,6.232064247131348
0143474-Sr2,7.736599922180176,7.516636371612549
0109092-Al2,12.43589973449707,12.32154655456543
0117270-O8,2.3141000270843506,2.449744701385498
0289663-O1,5.959000110626221,5.817771911621094
0153176-O25,3.6445999145507812,3.489047050476074
0163417-O3,2.275899887084961,2.3135876655578613
0147283-Mn2,9.350600242614746,9.03449535369873
0142004-O8,3.3197999000549316,3.3474321365356445
0108190-Ba3,7.805099964141846,7.92395544052124
0159759-O3,0.5224000215530396,0.5742837190628052
0142463-Fe1,6.121200084686279,5.896641254425049
0108933-O2,6.243199825286865,6.344661712646484
0289663-Ti1,14.398200035095215,14.329586029052734
0185027-O57,3.3459999561309814,3.2485880851745605
0108933-O4,6.34689998626709,6.348111629486084
0111479-Ti1,14.672699928283691,14.835108757019043
0185027-O41,3.8977999687194824,3.7539687156677246
0188787-O2,4.545100212097168,4.572199821472168
icsd427481-La1,12.284799575805664,12.163163185119629
0147283-O7,3.7455999851226807,3.1552329063415527
0146652-O3,3.140500068664551,3.1438584327697754
0289949-La1,13.804800033569336,12.909170150756836
0185027-Fe3,4.191699981689453,3.968895435333252
0191847-O1,3.3361001014709473,3.444122314453125
0290130-O1,5.128600120544434,4.371609210968018
0162339-Fe2,4.658899784088135,4.494363784790039
0136334-La2,8.691100120544434,8.61034107208252
0109333-Ti2,14.682999610900879,14.560250282287598
0141559-O2,5.414000034332275,5.43623161315918
0011911-O1,3.8945000171661377,4.005346298217773
0011752-Mn1,6.118500232696533,5.891381740570068
0167571-Fe13,5.871300220489502,5.836881160736084
0195961-O8,4.657599925994873,4.4164719581604
0109710-O4,5.907800197601318,5.745050430297852
0176585-O1,4.528800010681152,5.751744747161865
0111085-La2,13.19890022277832,13.169222831726074
0116531-O5,3.297100067138672,3.4374070167541504
0111508-Y1,13.477700233459473,13.46054458618164
0162642-Fe1,7.8028998374938965,7.600832462310791
0108933-Sr1,9.946999549865723,10.146751403808594
0142004-O7,3.315000057220459,3.3685874938964844
0290005-Ti1,14.806400299072266,14.291596412658691
0176178-O2,5.00629997253418,4.572797775268555
0162642-O1,3.9579999446868896,3.8878049850463867
0182355-O1,4.544899940490723,3.5403313636779785
0290243-O5,5.680200099945068,5.5320963859558105
0107847-O1,6.023900032043457,6.2640275955200195
0109668-Y1,14.553899765014648,14.36215877532959
0126619-O2,4.033999919891357,4.296420574188232
0117270-O7,2.3331000804901123,2.1492300033569336
0185107-Ba3,8.396900177001953,8.558934211730957
0010731-O1,5.932799816131592,5.229048728942871
0159784-O2,5.2870001792907715,5.377523899078369
0195961-O6,4.853300094604492,5.124570846557617
0108190-O1,6.329599857330322,6.298469066619873
0289774-O1,5.706099987030029,5.743143558502197
0143474-Fe1,4.768400192260742,3.1425070762634277
0155205-Co1,3.921299934387207,3.901841640472412
0126839-O3,1.914199948310852,2.144611358642578
0142004-O5,3.361799955368042,3.3209986686706543
0135701-O5,2.811000108718872,2.6962509155273438
0009859-O1,4.213500022888184,4.432434558868408
0149539-Ni1,4.418399810791016,4.451015472412109
0010720-Ti1,14.322799682617188,16.150976181030273
0142004-Fe17,5.678800106048584,5.8271098136901855
0116531-O15,3.2829999923706055,3.2540464401245117
0174252-O2,4.980000019073486,4.945545673370361
0107855-O4,6.527200222015381,6.596017360687256
0182355-Ba1,5.198699951171875,5.083789825439453
0143911-Nb1,16.803600311279297,16.453914642333984
0191847-Fe2,1.4641000032424927,1.663880467414856
0170164-O5,3.0643999576568604,2.2150182723999023
0179730-O2,3.8756000995635986,3.7517552375793457
0169661-O1,2.099900007247925,1.5607668161392212
0178128-O2,2.73580002784729,2.2913951873779297
0107847-Ca1,8.25730037689209,8.416197776794434
0109458-O9,5.99370002746582,5.717339038848877
0111479-Sr1,8.8725004196167,8.976567268371582
0109668-O2,4.424200057983398,4.532900810241699
0144940-O4,4.078800201416016,3.999669075012207
0185107-O2,1.6793999671936035,1.6869663000106812
0107847-Al1,11.253000259399414,11.103578567504883
0290130-Sr1,8.855400085449219,8.87352466583252
0182355-Co1,1.8631999492645264,1.8281935453414917
0111085-O1,5.887899875640869,5.9609270095825195
0289796-Ca3,9.643699645996094,9.45283317565918
0289876-O1,3.926500082015991,4.0664215087890625
0171017-O4,2.9465999603271484,2.9613399505615234
0151582-O4,5.603400230407715,5.90498685836792
0144940-O2,4.179699897766113,2.717866897583008
0290062-O2,6.381499767303467,6.189895153045654
icsd427482-O3,6.682799816131592,6.435586452484131
0171017-Sr4,7.5879998207092285,7.430671215057373
0117270-Mn2,3.747499942779541,4.40109395980835
0185027-Fe27,4.193399906158447,3.9702229499816895
0142004-Fe19,5.734000205993652,5.572690010070801
