0289796-Nb2,16.624000549316406,16.41938018798828
0161406-Fe1,5.594200134277344,5.522616863250732
0116531-O14,3.138000011444092,3.36430025100708
0117270-O11,1.2961000204086304,1.4584999084472656
0289729-Ce1,15.280900001525879,15.087949752807617
0179730-Sr1,6.954100131988525,6.949916839599609
0178128-Mn1,5.758699893951416,5.559482574462891
0147283-O3,3.106100082397461,3.2624950408935547
0289952-O2,1.2091000080108643,1.1527671813964844
0144307-O3,5.892000198364258,5.876917839050293
0135701-O3,3.0088999271392822,3.0170207023620605
0185205-O1,2.6054000854492188,2.5110936164855957
0116531-Fe12,5.978499889373779,5.92953634262085
0153176-O17,3.351300001144409,3.3271477222442627
0136665-O1,2.3740999698638916,2.5756003856658936
0108321-Al1,12.586000442504883,12.208337783813477
0142004-O6,3.3138999938964844,3.403818368911743
0191339-O2,3.392199993133545,3.2750322818756104
0142004-Fe19,5.734000205993652,5.647339344024658
0126619-Mn1,4.273799896240234,4.593461990356445
0011764-O2,5.3668999671936035,5.398300647735596
0170164-Co2,4.624599933624268,4.973918437957764
0182299-Sr1,10.222100257873535,10.163726806640625
0188787-Y1,11.597299575805664,11.413433074951172
0116531-O19,3.4094998836517334,3.5260422229766846
0141559-Fe1,3.4144999980926514,3.2503364086151123
0188787-Fe1,5.165599822998047,5.211060047149658
0010541-O1,5.395999908447266,5.316279411315918
0108321-O1,5.8592000007629395,6.214732646942139
0108933-O1,6.296800136566162,6.415848731994629
0011233-Mn1,5.800000190734863,5.235528945922852
0108927-Y1,12.538299560546875,12.494939804077148
0109668-O1,4.572400093078613,4.485800266265869
0134600-O2,5.45959997177124,5.448609352111816
0011911-O2,3.7720000743865967,3.7754082679748535
0112035-Y1,13.112799644470215,13.222631454467773
0155205-O2,2.5041000843048096,2.504505157470703
0107702-O1,6.242599964141846,6.457355976104736
0136293-O2,2.8649001121520996,2.8940494060516357
0185027-Fe21,4.519999980926514,4.532042980194092
0115344-O3,0.2815000116825104,0.9922571182250977
0011562-Fe1,5.860899925231934,5.693685054779053
0142004-Fe13,5.800300121307373,5.41117000579834
0109684-O2,3.9611001014709473,3.7590463161468506
0169397-O2,2.4289000034332275,2.3562252521514893
0179730-O2,3.8756000995635986,3.703598737716675
0147283-Sr5,8.274399757385254,8.40860366821289
0145761-Mn1,2.9047000408172607,3.573091983795166
0009596-O1,6.986299991607666,7.141421794891357
0108933-Al2,13.069199562072754,13.296882629394531
0136334-O7,2.5752999782562256,2.513315200805664
0195961-O5,4.326900005340576,4.701112747192383
0143911-La2,12.991399765014648,13.16556167602539
0124785-Sr2,4.918900012969971,4.871492385864258
0136261-O1,2.753700017929077,2.614119291305542
0289774-Ca1,9.395099639892578,9.667815208435059
0185027-O18,2.879199981689453,3.198031187057495
0110854-O3,5.6118998527526855,5.727214336395264
0185027-Fe13,4.999899864196777,4.766522407531738
0108933-O7,6.248199939727783,6.29940128326416
0178128-O1,2.7216999530792236,2.3590288162231445
0289952-O1,1.347000002861023,1.3915953636169434
0009494-Mg1,9.542799949645996,9.51688289642334
0113386-O4,4.417200088500977,4.682872772216797
0185027-O45,3.620699882507324,3.6023921966552734
0142004-Fe7,5.229599952697754,5.566686630249023
0185027-Fe10,3.8032000064849854,4.358926773071289
0117270-O10,2.3703999519348145,2.211522340774536
0182299-Sr2,8.54170036315918,8.610588073730469
0111982-O2,6.620800018310547,6.765848636627197
0290243-O6,5.69320011138916,5.713351249694824
0142004-O15,3.5123000144958496,3.422703981399536
0111316-O3,4.263500213623047,4.357184886932373
0009572-O1,6.138500213623047,5.88079833984375
0195961-O7,4.702000141143799,4.773538112640381
0185027-O67,2.9131999015808105,2.9570465087890625
0171017-Co4,4.816999912261963,4.8263630867004395
0290296-O1,6.573500156402588,6.897737503051758
0149539-O1,5.049099922180176,5.039969444274902
0289796-O6,5.833600044250488,5.889951229095459
0113386-Al2,10.944499969482422,11.46345329284668
0167571-O3,3.1986000537872314,3.466852903366089
0170164-Mn1,7.384200096130371,7.388937950134277
0185027-O16,2.907599925994873,3.1948719024658203
0185027-O65,3.3624000549316406,3.31954288482666
0290243-Sr3,9.226400375366211,9.471481323242188
0146652-O1,2.6393001079559326,2.846858263015747
0185027-Ba24,6.5269999504089355,6.841213226318359
0126839-Sr1,9.178000450134277,9.426401138305664
0109092-O6,6.149199962615967,6.240832805633545
0167571-O22,3.4612998962402344,2.788159132003784
0289874-O1,6.451000213623047,6.522626876831055
0182355-Co1,1.8631999492645264,1.813857078552246
0178128-Mn3,5.239799976348877,5.076035499572754
0145761-Mn2,3.6087000370025635,3.7232537269592285
0153176-O4,3.11680006980896,3.2132930755615234
0009808-Fe1,6.990300178527832,6.784536838531494
0290062-O2,6.381499767303467,6.4828338623046875
0174238-La1,11.17870044708252,11.26566219329834
0289796-Ca2,10.413299560546875,10.515670776367188
0143474-O5,3.4574999809265137,3.5614089965820312
0112334-O2,6.237100124359131,6.110951900482178
0187243-Co1,6.927499771118164,6.749087333679199
0153176-O8,3.122999906539917,3.1555237770080566
0167571-Ba2,8.60949993133545,8.593685150146484
0185027-O32,3.696899890899658,3.6324901580810547
0012011-Ni1,4.496099948883057,4.484838485717773
0124785-O1,4.7266998291015625,4.755013942718506
0010576-Mn1,4.460400104522705,4.501997470855713
0185027-O26,3.0934998989105225,3.2405946254730225
0171017-Co3,5.1194000244140625,5.153718948364258
0290243-O13,5.684299945831299,5.703241348266602
0118499-Ca2,7.214200019836426,6.247480869293213
0289691-O1,5.894599914550781,5.982782363891602
0155087-Co2,4.7683000564575195,4.965190887451172
0290243-O11,5.811800003051758,5.815055847167969
0153176-O19,3.6933000087738037,3.410858631134033
0169661-O4,1.9507999420166016,2.2121143341064453
0153176-Fe4,4.046800136566162,3.7774455547332764
0109333-Ti1,15.234100341796875,14.986671447753906
0109668-O4,3.766700029373169,3.8083910942077637
0011580-O2,3.5181000232696533,3.7455639839172363
0289618-Mn1,8.328200340270996,8.18578052520752
0185205-O4,0.9750000238418579,2.6896326541900635
0162339-Sr3,7.13040018081665,7.3573150634765625
0194560-Ni1,5.131400108337402,3.896740198135376
0153176-O5,3.115000009536743,3.271970272064209
0185027-Ba23,6.63700008392334,6.826346397399902
icsd427481-O2,6.458799839019775,6.595953464508057
0108446-Al1,13.795599937438965,13.841978073120117
0111316-Sr1,8.34749984741211,8.25008487701416
0108321-O2,6.377799987792969,6.321049213409424
0162339-O11,2.396699905395508,3.1229472160339355
0193429-O1,1.773900032043457,1.362372875213623
0169441-O3,2.6558001041412354,2.365732431411743
0178128-O3,3.0485999584198,1.8129925727844238
0111982-Y1,13.205400466918945,13.198925018310547
icsd427481-O3,6.620299816131592,6.632306098937988
0108143-Al4,12.979599952697754,13.261392593383789
0134600-Mn1,2.203200101852417,2.211026668548584
0144940-O3,2.516900062561035,2.6311299800872803
0124041-Sr1,6.113500118255615,6.102329730987549
0009572-Mn1,6.025899887084961,5.8438191413879395
0108933-Al3,12.955699920654297,13.053120613098145
0193122-O1,2.7992000579833984,2.6983659267425537
0191339-Fe2,1.6302000284194946,1.3210501670837402
0191847-O1,3.3361001014709473,3.278106212615967
0162339-Fe6,4.63070011138916,4.5864458084106445
0185027-Ba20,6.627600193023682,6.807018280029297
0111085-La1,12.332200050354004,13.966796875
0116531-Fe11,6.283400058746338,6.080909252166748
0111479-Sr2,8.213000297546387,8.382177352905273
0110289-O3,3.544100046157837,4.055866241455078
0108933-Sr2,9.826399803161621,9.945905685424805
0185027-Fe12,4.0278000831604,4.1065473556518555
0134600-Ba1,3.6898000240325928,3.4480795860290527
0109333-O4,6.007800102233887,5.807723522186279
0185107-Ba3,8.396900177001953,8.705550193786621
0126839-O3,1.914199948310852,2.0361034870147705
0289796-Nb1,16.483999252319336,16.132720947265625
0009889-In2,9.032099723815918,9.209452629089355
0142004-O20,3.4179999828338623,3.33898663520813
0124785-Sr1,5.308300018310547,5.274013519287109
0111567-Ti4,14.998900413513184,14.90681266784668
0009944-In2,7.2399001121521,7.3423662185668945
0167571-Fe19,6.313000202178955,5.659514904022217
0110156-Ti1,15.61050033569336,15.926708221435547
0113386-O2,5.50570011138916,5.115015029907227
0159759-Sr2,7.9096999168396,8.060583114624023
0185492-O1,3.003200054168701,2.982100486755371
0167571-Ba1,8.886699676513672,8.676556587219238
0153176-Fe16,5.287399768829346,5.074635982513428
0010375-O2,5.40369987487793,5.442852020263672
0289796-Ca3,9.643699645996094,8.623970031738281
0195961-Sr1,8.930800437927246,8.917780876159668
0144940-Mn1,8.100700378417969,7.941001892089844
0155087-Co1,5.32450008392334,5.187527656555176
0193122-O2,3.1600000858306885,2.82108473777771
0110156-O3,4.114500045776367,4.175567626953125
0009499-O1,6.246600151062012,6.324513912200928
0111316-In1,8.498900413513184,8.466407775878906
0146578-O1,3.160599946975708,3.1379454135894775
0185027-O37,3.2644999027252197,3.2557756900787354
0188731-Nb1,14.40820026397705,14.226724624633789
0133995-Ba1,9.732000350952148,9.722978591918945
0167571-O12,3.2186999320983887,3.140408992767334
0191847-O2,3.2435998916625977,3.2676188945770264
0111567-O11,5.87060022354126,5.854345321655273
0185027-O19,2.93530011177063,3.021381139755249
0162339-O7,3.648099899291992,3.486480951309204
0185165-O2,5.433599948883057,4.89263391494751
0108927-Ba1,7.342199802398682,7.334428787231445
0111567-Ti1,14.596099853515625,14.415582656860352
0146652-Mn1,8.63640022277832,8.67223072052002
0193359-O1,4.519000053405762,4.669848442077637
0110289-In1,7.095300197601318,7.016136169433594
0174252-La1,11.767000198364258,11.860437393188477
0124041-O1,3.421099901199341,3.638115167617798
0146578-Sr1,8.796600341796875,8.979936599731445
0167571-Fe5,5.749300003051758,5.265756130218506
0107269-Ca2,10.067500114440918,10.30642318725586
0115344-Fe3,6.045899868011475,7.09265661239624
0116531-O3,3.606600046157837,3.634330987930298
0108689-O2,5.125100135803223,5.253493785858154
0151582-O1,5.859099864959717,5.650704383850098
0011752-Mn2,4.789899826049805,4.712719440460205
0185027-Fe25,4.222700119018555,4.161798477172852
0185027-O9,3.000699996948242,2.921480417251587
0108427-O3,6.162499904632568,6.424847602844238
0153176-Fe3,6.119800090789795,6.44476842880249
0108427-Al1,13.440099716186523,13.332643508911133
0289949-O1,4.445700168609619,5.1254448890686035
0167571-Fe16,5.026199817657471,5.688447952270508
0143911-O3,6.197999954223633,6.239543914794922
0185027-Ba18,6.756800174713135,6.786397457122803
0289691-O3,5.092100143432617,4.565713405609131
0124785-Fe1,1.53410005569458,1.6829490661621094
0170357-Co1,3.5994999408721924,3.494917631149292
0289796-Ca1,9.34850025177002,8.612010955810547
0108933-O3,6.237199783325195,6.33294677734375
0161406-O2,1.8585000038146973,1.8940305709838867
0188731-O4,3.7609000205993652,3.753850221633911
0010541-Ti1,14.643099784851074,14.425054550170898
0161406-Sr3,8.53849983215332,8.593353271484375
0185027-O20,2.8587000370025635,3.0128870010375977
0125741-Mn1,9.962300300598145,10.050117492675781
0188731-Fe1,7.19950008392334,7.325436592102051
0290243-Nb2,12.958999633789062,13.364459991455078
0185027-O51,3.1538000106811523,3.302686929702759
0185027-O38,3.2723000049591064,3.256577730178833
0149539-Ti1,12.104299545288086,11.874327659606934
0185027-O61,3.598900079727173,3.5821340084075928
0012011-O1,2.7039999961853027,2.813962459564209
0107847-Al2,11.441499710083008,11.408514022827148
0143911-O4,6.071599960327148,6.153304100036621
0111567-O7,6.000400066375732,5.941195964813232
0009944-Ni1,4.060800075531006,3.7091004848480225
0167571-Fe20,6.1269001960754395,5.74735164642334
0136293-O4,3.196199893951416,2.989002227783203
0111567-La3,14.280900001525879,14.125713348388672
0290102-O2,4.787600040435791,4.687786102294922
0009973-Mg1,8.73490047454834,8.280716896057129
0195961-Nb3,16.18000030517578,16.12038230895996
0167571-Fe9,6.654099941253662,6.788963317871094
0195961-O9,4.961599826812744,4.965104103088379
0289614-Ce1,15.813799858093262,15.669705390930176
0107269-O2,6.184999942779541,6.367355823516846
0167571-O21,3.177799940109253,3.152975082397461
0012201-Mn1,5.456099987030029,5.421054363250732
0289663-Ba2,9.08489990234375,8.896060943603516
0009494-O1,6.811500072479248,6.874853610992432
0109710-Ti1,14.899399757385254,14.854447364807129
0125741-O4,2.7197000980377197,2.551344871520996
0290198-Ce1,15.385199546813965,15.302913665771484
0167571-Fe4,5.670899868011475,5.318057537078857
0289663-Ti1,14.398200035095215,14.362324714660645
0185027-O6,3.196000099182129,3.349803924560547
0169441-Ba2,7.645699977874756,7.711567401885986
0146652-O2,2.2070999145507812,2.0330896377563477
0109458-O7,5.2835001945495605,5.390293598175049
0289949-La1,13.804800033569336,12.290599822998047
0112035-O2,6.9369001388549805,6.977540016174316
0116531-Fe3,5.621500015258789,5.746341705322266
0117270-O2,1.726099967956543,1.5655207633972168
0153176-O9,3.131200075149536,3.1490185260772705
0162339-Fe2,4.658899784088135,4.5146050453186035
0195961-O2,4.659599781036377,4.648022174835205
0111982-O1,6.619900226593018,6.709292888641357
0110854-O4,6.718900203704834,6.5917649269104
0167571-O5,3.4677000045776367,3.3773481845855713
0010375-O1,5.336900234222412,5.392703056335449
0012072-O1,2.8808000087738037,2.855102777481079
0289796-O3,5.837600231170654,5.714367866516113
0011562-Ni1,3.32669997215271,3.3998119831085205
0156399-Co2,2.5190999507904053,2.605837106704712
0125741-O1,2.0803000926971436,2.2465856075286865
0143911-La1,13.65880012512207,13.747196197509766
0143474-Fe1,4.768400192260742,2.6723198890686035
0167571-O24,3.3573999404907227,3.286729097366333
0290125-Nb1,16.51810073852539,16.60141372680664
0171017-O1,2.8092000484466553,2.9328935146331787
0142004-O1,3.249300003051758,3.4270691871643066
0161406-Fe2,5.8597002029418945,5.154883861541748
0153176-O22,3.654099941253662,3.434392213821411
0149894-Nb1,13.648200035095215,11.546018600463867
0146578-O2,2.564500093460083,2.526183843612671
0185027-Fe9,4.1149001121521,4.06336784362793
0147283-O15,3.0327000617980957,3.116821765899658
0185027-O5,3.423799991607666,3.4451539516448975
0010720-Ti1,14.322799682617188,13.946333885192871
0185027-Fe18,4.175600051879883,4.283860683441162
0111479-O3,5.4334001541137695,5.570335388183594
0289885-La1,14.877099990844727,13.652593612670898
0174252-O2,4.980000019073486,5.159669399261475
0011764-Ti1,15.234800338745117,15.216401100158691
0109710-O2,5.7494001388549805,5.710047245025635
0116531-O11,3.7632999420166016,3.5912115573883057
0289796-O2,5.49370002746582,5.528257369995117
0142004-Fe5,5.61870002746582,5.584859848022461
0108427-Al2,13.00629997253418,13.401805877685547
0116531-O13,3.1182000637054443,3.333151340484619
0290243-O2,5.472400188446045,5.569288730621338
0142004-O14,3.574199914932251,3.3778750896453857
0170357-O2,5.32859992980957,5.180140495300293
0011304-O1,3.8859000205993652,3.7962958812713623
0115344-O5,1.0306999683380127,1.066014289855957
0110270-In1,7.477200031280518,7.617035388946533
0185027-O7,3.017400026321411,2.8886075019836426
0185027-Fe11,4.043799877166748,4.0808563232421875
0170357-O1,4.956399917602539,5.242559909820557
0009684-O1,5.076300144195557,5.131424903869629
0107855-O5,6.542799949645996,6.635207176208496
0174252-O4,5.425300121307373,5.208566188812256
0112334-Y1,14.234299659729004,14.077808380126953
0185027-Ba25,6.651500225067139,6.713922023773193
0167571-O26,3.0209999084472656,3.2141425609588623
0145761-O2,5.467400074005127,5.286272048950195
0109710-Ca2,8.869999885559082,8.92687702178955
0116531-Fe8,5.7434000968933105,5.656949043273926
0142004-O11,3.0625,3.1275007724761963
0108927-Y2,13.118900299072266,12.554656982421875
0136665-Co2,4.098800182342529,3.6391046047210693
0107702-Al2,12.958100318908691,13.208909034729004
0011911-Fe1,6.450399875640869,6.276407241821289
0177189-Mn1,4.767099857330322,4.8145222663879395
0185027-Ba21,6.65369987487793,6.801579475402832
0171017-Sr5,7.688600063323975,7.691292762756348
0118499-Co2,3.8736000061035156,3.8264758586883545
0289874-Al1,12.553199768066406,12.603273391723633
0151582-O2,5.975900173187256,6.034079074859619
0142004-O9,2.99399995803833,3.098189353942871
0111508-O1,6.661099910736084,6.727717876434326
0185027-O12,3.267899990081787,3.4140985012054443
0011911-Fe2,6.439700126647949,7.57486629486084
0185027-O33,3.6870999336242676,3.6388165950775146
0159544-Fe1,6.168300151824951,6.110825061798096
0194723-O1,5.6107001304626465,5.590268611907959
0142004-Fe2,5.678299903869629,5.65247917175293
0136293-Sr1,8.652700424194336,9.085006713867188
0116531-O17,3.4570999145507812,3.471417188644409
0111479-O1,5.117300033569336,5.148830413818359
0289663-O1,5.959000110626221,5.799741744995117
0110289-O2,3.067500114440918,4.0532732009887695
0142004-O19,3.643199920654297,3.3771042823791504
0142004-Fe20,5.8709001541137695,5.7107133865356445
0142004-O16,3.507200002670288,3.4232168197631836
0111567-O14,5.951300144195557,5.908049583435059
0125667-O2,2.1449999809265137,2.2308502197265625
0185027-Ba9,6.537700176239014,6.73233699798584
0290243-O14,5.770899772644043,5.625000953674316
0167571-O17,3.500499963760376,3.3566181659698486
0109333-Ti2,14.682999610900879,14.664180755615234
0119208-Nb1,13.100799560546875,12.421455383300781
0185492-O2,2.4691998958587646,2.5955162048339844
0182299-O1,5.703000068664551,5.61753511428833
0194582-O2,5.422900199890137,5.184216499328613
0109684-Ba1,8.407699584960938,8.379305839538574
0144940-O1,3.406899929046631,3.544891119003296
0289796-Nb4,16.945999145507812,16.552997589111328
0010389-Co1,3.226900100708008,3.535820245742798
0115344-O2,0.534600019454956,0.5801534652709961
0109458-Ti5,14.970800399780273,14.762981414794922
0191339-Fe3,1.4359999895095825,1.1788840293884277
0155205-Y1,11.420900344848633,11.455320358276367
0185027-O10,2.888700008392334,2.8834922313690186
0170164-Co1,5.053999900817871,5.148848533630371
0107702-O3,6.210700035095215,6.256916522979736
0010731-Ti1,16.663000106811523,17.088699340820312
0289832-O2,6.513500213623047,6.781203746795654
0191339-O1,3.310800075531006,3.2871298789978027
0117717-Ca1,5.091100215911865,4.925468444824219
0185408-Ba1,11.767900466918945,7.779745101928711
0136734-Ti1,11.1983003616333,10.803742408752441
0174238-O2,4.3815999031066895,4.475688934326172
0289876-Mn1,4.276100158691406,4.475447654724121
0143825-O3,3.684000015258789,3.8466274738311768
0185492-O4,2.2385001182556152,2.157994270324707
0107269-Al3,13.101699829101562,13.177332878112793
0108143-O5,6.09630012512207,6.1074628829956055
0289952-Mg1,6.223899841308594,6.0874505043029785
0142004-O12,3.1187000274658203,3.1182944774627686
0153176-O1,3.081199884414673,3.101592540740967
0142004-O24,3.5529000759124756,3.276096820831299
0135701-O5,2.811000108718872,2.919705629348755
0136293-O10,0.298799991607666,0.2401123046875
0143911-Nb1,16.803600311279297,16.684906005859375
0170357-Co2,3.3008999824523926,3.512784719467163
0110733-O1,4.742400169372559,4.7747802734375
0290243-O1,5.730999946594238,5.781800746917725
0169397-Co1,3.933000087738037,4.301017761230469
0154647-Ba1,5.906000137329102,6.011126518249512
0110156-In2,8.74899959564209,8.941102981567383
0009694-Fe1,6.001299858093262,4.810376167297363
0185027-Fe28,3.841599941253662,4.118852615356445
0185027-O47,3.467099905014038,3.50740647315979
0185027-Fe26,3.979599952697754,4.168158531188965
0162642-Fe1,7.8028998374938965,7.860317230224609
0194723-Mn1,4.5690999031066895,3.8695757389068604
0170164-O3,2.1772000789642334,2.2948007583618164
0118499-Co1,4.655399799346924,4.661586761474609
0290243-O4,5.847799777984619,5.854171276092529
0185027-Fe27,4.193399906158447,4.194910049438477
0111567-Ti3,15.129899978637695,14.513114929199219
0169661-O1,2.099900007247925,1.9807462692260742
0142004-O27,3.0072999000549316,3.276184558868408
0142004-Fe18,5.649099826812744,5.505611419677734
0289796-O13,5.920100212097168,5.816498279571533
0147283-O7,3.7455999851226807,3.0480616092681885
0194560-O3,5.661900043487549,5.714533805847168
0161406-O3,1.863800048828125,2.0091652870178223
0009921-In1,6.229100227355957,7.074710845947266
0153176-O2,3.09089994430542,3.102764368057251
0179730-O1,3.7441000938415527,3.745847702026367
0009491-Co1,5.377900123596191,5.392632961273193
0111567-O3,5.684000015258789,5.941735744476318
0185027-O58,3.389400005340576,3.294017791748047
0176585-O2,4.811500072479248,4.545088768005371
0126437-Nb1,16.3302001953125,16.279739379882812
0142004-Fe12,6.51800012588501,6.416489601135254
0153176-Fe2,6.365799903869629,6.455611228942871
0107269-Ca1,10.519399642944336,10.598953247070312
0149894-O3,4.469699859619141,4.501977443695068
0009594-O1,5.69189977645874,5.735001564025879
0185027-O21,2.928800106048584,3.028911590576172
0107269-O9,6.126699924468994,6.283793926239014
0107847-Al1,11.253000259399414,11.195791244506836
0144940-O4,4.078800201416016,3.8925039768218994
0185027-O22,2.8928000926971436,3.025965929031372
0011908-Ni1,2.5927999019622803,2.640313148498535
0111316-O1,4.45389986038208,4.337352275848389
0009921-Co1,4.846799850463867,4.753580570220947
0185027-O4,3.375699996948242,3.4274652004241943
0290296-Y2,14.109100341796875,13.996139526367188
0147283-O11,2.0785999298095703,2.2733726501464844
0107269-Ca3,9.45199966430664,9.450021743774414
0107847-Ca1,8.25730037689209,8.26983642578125
0163417-O4,2.9047999382019043,2.981044292449951
0290125-O3,4.331299781799316,4.432896614074707
0147238-Nb1,9.755900382995605,8.386602401733398
0162339-O2,3.407399892807007,3.3767831325531006
0185027-O59,3.376300096511841,3.5724689960479736
0193122-Mn1,5.937600135803223,5.897867679595947
0120257-O1,5.174600124359131,4.954566955566406
0153176-Fe11,2.736599922180176,1.9841203689575195
0109092-Y1,14.353699684143066,14.349286079406738
0116531-O12,3.5114998817443848,3.5135209560394287
0185027-O56,3.422600030899048,3.2917935848236084
0117270-Ba2,7.483399868011475,7.284521579742432
0142004-O17,3.236299991607666,3.3998167514801025
0185027-Ba15,6.892600059509277,6.923915386199951
0011908-O2,3.5487000942230225,3.4891631603240967
0195961-O3,4.7453999519348145,4.6852898597717285
0185027-Ba4,6.57450008392334,6.51689338684082
0136334-La2,8.691100120544434,8.758122444152832
0145133-Sr1,7.69950008392334,7.076261043548584
0109333-O1,5.511099815368652,5.596970081329346
0289663-O2,6.097300052642822,6.046656131744385
0112334-O1,6.583899974822998,6.387084007263184
0161406-O1,1.760699987411499,1.8932833671569824
0120257-La1,8.747300148010254,7.717115879058838
0151582-Nb1,17.108600616455078,16.74212646484375
0116531-Ba2,7.773099899291992,7.903032302856445
0176178-Fe1,2.8505001068115234,2.6451406478881836
0289796-O8,5.868000030517578,5.896419048309326
0167571-Fe17,5.849800109863281,5.759965419769287
0109458-Ti4,14.394000053405762,14.429712295532227
0289774-O2,5.770699977874756,5.912072658538818
0159784-O2,5.2870001792907715,5.134406566619873
0144307-O1,5.558700084686279,5.734367370605469
0009944-In1,6.422800064086914,6.36317777633667
0185027-O63,3.3508999347686768,3.3347785472869873
0162339-O6,3.480299949645996,3.4603755474090576
0109092-Y4,14.384499549865723,14.208916664123535
0289934-O1,6.360400199890137,6.303491592407227
0010549-Ti1,15.546099662780762,15.563143730163574
0290243-Sr2,10.253600120544434,10.284248352050781
0289952-Ce1,12.576800346374512,14.71373462677002
0185027-O40,3.8601999282836914,3.7191412448883057
0194281-Mn1,9.912199974060059,9.619843482971191
0159759-Sr1,8.780799865722656,8.60740852355957
0185027-O24,3.0889999866485596,3.205796003341675
0290243-Nb3,16.665199279785156,15.955920219421387
0185027-Ba7,6.597899913787842,6.471736907958984
0142004-Sr1,8.281000137329102,8.41534423828125
0153176-O6,3.0917000770568848,3.211275577545166
0116531-Fe9,5.849899768829346,5.756633281707764
0185107-Ba2,8.350500106811523,8.351360321044922
0115470-Fe2,6.692299842834473,6.733911991119385
0162339-O8,3.652899980545044,3.5189576148986816
0012072-Mn1,8.729999542236328,8.451040267944336
0171017-Sr3,7.58650016784668,7.557212829589844
0136334-Co4,3.0009000301361084,2.996188163757324
0185027-Ba14,6.994200229644775,6.912261486053467
0171017-O9,1.7075999975204468,1.8143391609191895
0147283-O4,3.1347999572753906,3.2799570560455322
0143474-O3,3.7262001037597656,3.9325814247131348
0185027-O42,3.9052000045776367,3.740407943725586
0143825-Fe1,9.67710018157959,9.725899696350098
0162339-O5,3.5564000606536865,3.6383419036865234
0010375-Ba1,8.772899627685547,9.807729721069336
0185027-O28,3.101799964904785,3.3214895725250244
0135701-Ba2,8.714200019836426,8.595003128051758
0012201-O1,4.084799766540527,3.43892502784729
0009694-O1,4.225200176239014,4.506531715393066
0290005-Ti1,14.806400299072266,14.82347583770752
0147283-O9,2.1826999187469482,2.441384792327881
0125741-O3,2.6124000549316406,2.5533182621002197
0142004-Fe16,5.53000020980835,5.6183857917785645
0115344-Fe1,4.6834001541137695,4.720984935760498
0142004-O23,3.1789000034332275,3.2780539989471436
0116531-Fe2,5.892099857330322,5.871340274810791
0159759-O1,1.0297000408172607,1.3966546058654785
0142004-Fe15,5.168600082397461,5.592758655548096
0179580-Mn1,10.759900093078613,10.627700805664062
0290062-Mg2,9.138699531555176,9.303802490234375
0290198-O2,5.490300178527832,5.561717510223389
0011304-Mn2,4.794300079345703,5.1606245040893555
0012370-Ba1,5.082399845123291,4.789220333099365
0193429-O3,1.893399953842163,1.858736515045166
0124785-O2,4.7779998779296875,4.737287521362305
0108190-O2,6.129000186920166,6.3011555671691895
0107269-O5,6.433599948883057,6.449816703796387
0153176-Fe17,5.313600063323975,4.959674835205078
0142004-Fe6,5.691999912261963,5.761320114135742
0117270-O12,1.448199987411499,1.3645744323730469
0185027-Fe14,5.548999786376953,5.038529872894287
0111479-Ti1,14.672699928283691,14.84852123260498
0124785-O3,5.401599884033203,5.501184463500977
icsd427481-La1,12.284799575805664,12.450874328613281
0110854-La1,13.354900360107422,13.569490432739258
0182355-O1,4.544899940490723,4.08615779876709
0147238-O1,5.159200191497803,5.361599922180176
0153176-Fe18,5.387199878692627,5.080918312072754
0143911-O2,5.929699897766113,6.005904674530029
0179730-O7,3.3577001094818115,3.438655376434326
0109770-O1,4.437399864196777,4.411773204803467
0191847-Fe3,1.6089999675750732,1.3522191047668457
0188731-O3,3.964099884033203,4.096207141876221
0011752-O2,2.7852001190185547,2.741365909576416
0012370-Mn1,3.0841000080108643,3.2315104007720947
0188731-O1,3.329699993133545,3.5071332454681396
0142463-O2,2.2500998973846436,2.274959087371826
0109092-O8,6.290599822998047,6.313596248626709
0178128-O4,2.439300060272217,1.4101967811584473
icsd427482-Ba1,2.375,2.291738271713257
0289614-O1,5.013999938964844,5.183834552764893
0012299-O1,4.074100017547607,3.9681639671325684
0108933-Sr1,9.946999549865723,10.141368865966797
0162642-Y1,12.585100173950195,12.550045013427734
0162339-Sr2,7.330999851226807,7.394286632537842
0011752-O1,3.057499885559082,2.8340134620666504
0156399-O3,5.202199935913086,5.023558139801025
0174252-La2,12.405400276184082,12.40175724029541
0010576-O1,4.429699897766113,4.401548862457275
0107855-Al2,12.908699989318848,13.002655029296875
0185165-Mn1,3.0125999450683594,2.8883092403411865
0117270-O8,2.3141000270843506,2.1926329135894775
0171017-O10,1.1009999513626099,1.3159370422363281
0159784-O3,5.249100208282471,5.176512718200684
0193429-Sr1,9.214900016784668,9.216594696044922
0289796-O4,5.992000102996826,5.807352542877197
0111316-O2,4.48390007019043,4.208925247192383
0009931-O1,4.412600040435791,4.676173686981201
0185027-Ba19,6.638199806213379,6.80405330657959
0120257-Co2,2.161099910736084,2.2814271450042725
0108689-O1,3.576200008392334,3.781432628631592
0142004-O4,3.2325000762939453,3.1752262115478516
0136734-O1,5.332099914550781,5.307055473327637
0109092-O2,6.187600135803223,6.20207405090332
0290296-Y1,14.018600463867188,13.98526668548584
0142004-O28,3.173799991607666,3.1899588108062744
0289796-O14,5.5553998947143555,5.62066125869751
0170164-O2,3.2941999435424805,3.2725813388824463
0289691-O2,5.747799873352051,5.7940263748168945
0009859-O1,4.213500022888184,4.240079879760742
0185408-O1,0.6037999987602234,0.8584003448486328
0185027-Ba3,6.756199836730957,6.583896636962891
0115470-O5,3.08270001411438,3.322077512741089
0155087-O1,4.313700199127197,4.099471092224121
0194723-Ti1,9.917699813842773,8.488310813903809
0110270-Sr1,7.86929988861084,7.998830795288086
0136334-O10,2.4888999462127686,2.6117241382598877
0290130-Ce1,15.933699607849121,15.893960952758789
0289832-O1,6.423999786376953,6.405377388000488
0185027-O2,2.8236000537872314,2.9098446369171143
0109458-O6,5.419600009918213,5.417766571044922
0109668-O2,4.424200057983398,4.58032751083374
0116531-O9,3.6579999923706055,3.5556771755218506
0174252-O3,4.911399841308594,5.062374114990234
0107855-O1,6.640399932861328,6.723021030426025
0135701-O2,2.4482998847961426,2.3284413814544678
0111567-O5,5.749499797821045,5.924037933349609
0126839-O1,2.683300018310547,2.1601815223693848
0171017-O3,2.8190999031066895,2.9650259017944336
0112035-O1,5.5218000411987305,5.520000457763672
0144940-Mn2,8.253000259399414,8.106352806091309
0160074-Fe1,0.8126000165939331,1.7944045066833496
0109458-O9,5.99370002746582,5.735620021820068
0108190-O3,6.105299949645996,6.2852678298950195
0113386-Fe2,7.392000198364258,7.398550987243652
0153176-O21,3.654099941253662,3.4473607540130615
0113386-Fe1,6.863999843597412,6.819799423217773
0107847-O2,6.514699935913086,6.6491570472717285
0169397-La1,11.022700309753418,11.055588722229004
0135701-O1,2.1993000507354736,2.2831554412841797
0108927-O3,6.663599967956543,6.6651105880737305
0117270-Mn1,3.8536999225616455,4.081368446350098
0107269-O4,6.295400142669678,6.3930583000183105
0153176-Fe15,5.01200008392334,5.015979290008545
0191847-Fe2,1.4641000032424927,1.2295293807983398
0120257-O2,5.983099937438965,6.200892448425293
0011764-O1,4.910900115966797,5.059802055358887
0167571-O7,3.140000104904175,3.454552173614502
0136334-O2,4.38040018081665,4.424971580505371
0115344-Fe2,6.083499908447266,5.997906684875488
0142004-O5,3.361799955368042,3.4264862537384033
0193122-Mn4,4.80210018157959,4.877358436584473
0193122-Mn5,4.69189977645874,4.7412519454956055
0179730-O5,4.239699840545654,4.1148881912231445
0289663-O3,6.053599834442139,6.001669883728027
0117270-O6,0.2849999964237213,1.9072527885437012
0107269-Al2,13.07919979095459,13.228496551513672
0136293-Co2,5.052299976348877,4.925817489624023
0116531-Fe7,5.770199775695801,5.7892961502075195
0110270-In2,6.905700206756592,8.25248908996582
0289614-Ba1,8.519599914550781,8.715246200561523
0289663-O4,6.011300086975098,5.8986430168151855
0109668-In1,8.559800148010254,6.507717609405518
0169441-Ba1,6.641900062561035,7.148162841796875
0290102-O1,5.3317999839782715,5.3013458251953125
0147283-Sr2,8.578200340270996,8.528621673583984
0194582-O3,5.844699859619141,5.508912563323975
0162339-O9,3.1013998985290527,3.51534366607666
0169441-O4,2.774899959564209,2.4724771976470947
0009931-In1,8.468500137329102,8.625685691833496
0125667-O1,2.74429988861084,2.5503833293914795
0185027-Fe24,4.447299957275391,4.474636554718018
0142004-Fe1,5.983500003814697,5.618780136108398
0108699-O1,5.434999942779541,5.492681503295898
0290206-Sr1,8.440600395202637,8.526687622070312
0125741-O2,2.247999906539917,2.2933809757232666
0116531-O15,3.2829999923706055,3.3500797748565674
0107855-Al3,12.723099708557129,12.813100814819336
0290102-O3,5.80079984664917,5.796753883361816
0290206-O2,5.338399887084961,5.385085105895996
0010438-Mn1,4.521999835968018,4.530398845672607
0141559-O1,5.412899971008301,5.320625305175781
0155087-O4,3.5178000926971436,3.2686283588409424
0108927-O4,6.626200199127197,6.599469184875488
0142004-Fe10,7.347300052642822,6.427202224731445
0185027-O50,3.5422000885009766,3.4737548828125
0111567-O9,6.280200004577637,6.180590629577637
0174252-O1,5.285399913787842,5.295005798339844
0290080-O3,6.271599769592285,6.226626396179199
0290198-Sr1,8.331000328063965,8.126354217529297
0193429-Mn1,8.62440013885498,8.527563095092773
0142004-O10,2.9809999465942383,3.190807342529297
0117270-O7,2.3331000804901123,2.293370485305786
0115344-O4,0.4659000039100647,0.8715600967407227
0185027-O8,2.936800003051758,2.9221739768981934
0109710-O3,5.771399974822998,5.921165943145752
0108933-O8,6.2083001136779785,6.313844203948975
0185027-O69,2.8940999507904053,2.9720938205718994
0162339-O1,3.3987998962402344,3.3819520473480225
0182299-O2,5.415500164031982,5.44345235824585
0146578-O4,2.2660000324249268,2.0227904319763184
0289876-O1,3.926500082015991,3.9951071739196777
0289796-O7,5.0731000900268555,5.39378023147583
0143474-Sr2,7.736599922180176,7.548665523529053
0107855-Ca3,10.305299758911133,10.207138061523438
0289691-Nb1,13.057600021362305,13.189485549926758
0136293-O7,2.4031999111175537,2.354055166244507
0143825-O1,3.4937000274658203,3.535311698913574
0115344-Ba2,8.44480037689209,8.360965728759766
0289591-Fe1,2.967900037765503,5.272605895996094
0115344-Ba4,8.180999755859375,8.394951820373535
0107269-Al4,13.188300132751465,13.115816116333008
0111508-Y1,13.477700233459473,13.494942665100098
0108321-Ti1,15.128999710083008,14.920934677124023
0167571-O23,3.440000057220459,3.276824712753296
0111982-O3,6.670499801635742,6.673583984375
0115470-O3,3.714400053024292,3.4191441535949707
0011580-Fe1,5.171000003814697,5.106995105743408
0155087-Ca1,6.693900108337402,7.898903846740723
0109684-O1,3.607800006866455,3.734229803085327
0115470-O4,3.0332999229431152,3.355499029159546
0289796-Nb3,16.57659912109375,16.168292999267578
0115344-O6,1.207900047302246,1.0892601013183594
0147238-Mn1,3.7414000034332275,3.5512678623199463
0147283-O10,2.1314001083374023,2.4140000343322754
0143474-O4,3.6740000247955322,3.7314562797546387
0118499-O2,2.254699945449829,2.4115474224090576
0194560-Nb1,14.699899673461914,13.559871673583984
0009491-Al1,10.496500015258789,10.411134719848633
0010720-O1,4.963600158691406,4.849711894989014
0107702-O2,6.390900135040283,6.405522346496582
icsd427482-O2,6.551799774169922,6.857043743133545
0185107-O5,1.733199954032898,1.6408495903015137
0143911-O1,6.06879997253418,5.9771013259887695
0108446-O1,6.603899955749512,6.485727310180664
0108143-Al2,13.13379955291748,13.180644989013672
0185107-Co1,5.677000045776367,5.596205234527588
0120257-O3,4.97629976272583,4.986906051635742
0116531-O2,3.5308001041412354,3.6434338092803955
0167571-O1,3.173799991607666,3.3268070220947266
0163417-Mn1,8.340999603271484,8.193720817565918
0153176-Fe9,4.185100078582764,4.149337291717529
0107269-O8,6.30679988861084,6.398195743560791
0116531-O6,3.4082999229431152,3.538553237915039
0107855-Ca1,9.118499755859375,9.380252838134766
0116531-O20,3.451200008392334,3.5234622955322266
0169441-O2,2.4014999866485596,2.463430166244507
0149894-Ni2,3.788100004196167,3.8465023040771484
0142004-O7,3.315000057220459,3.4261834621429443
0012011-Mn1,8.490900039672852,8.318940162658691
0155205-O1,2.475100040435791,2.407865524291992
0107855-O2,6.151100158691406,6.5179057121276855
0195961-Nb1,16.29159927368164,16.267078399658203
0176178-O2,5.00629997253418,4.646847724914551
0289796-O1,5.821700096130371,5.891899585723877
0009540-Al1,12.368800163269043,12.421210289001465
0009499-Al2,9.816800117492676,9.750226974487305
0147283-O12,3.171799898147583,3.055835008621216
0146578-O3,2.550100088119507,2.8316380977630615
0142004-Fe4,6.0177998542785645,5.453795433044434
0108143-Al3,13.254300117492676,13.240501403808594
0159784-O1,5.436800003051758,5.355128765106201
0117717-Co1,2.194499969482422,2.2427761554718018
0108933-O6,6.3343000411987305,6.390850067138672
0107702-Al1,13.354000091552734,13.358785629272461
0185027-O15,3.0436999797821045,3.1998813152313232
0174238-Fe1,5.801799774169922,4.666373252868652
0136293-Sr2,9.307100296020508,9.060770034790039
0160074-Sr1,4.991499900817871,5.140540599822998
0289949-O2,5.416299819946289,5.522082328796387
0109092-Y2,15.041899681091309,14.852524757385254
0136665-Co1,4.5432000160217285,4.4888529777526855
0010731-O1,5.932799816131592,5.261669635772705
0111479-Sr1,8.8725004196167,9.043334007263184
0116531-O1,3.365299940109253,3.490347146987915
0109092-O4,6.795400142669678,6.233120441436768
0113386-O3,3.7558999061584473,4.070738792419434
0167571-Fe3,5.171599864959717,5.296365737915039
0185027-Fe22,4.638700008392334,4.547614097595215
0169661-O2,2.3064000606536865,2.324498414993286
0111085-Ti1,14.197600364685059,14.089740753173828
0171017-Co5,5.655399799346924,4.938432216644287
0111542-La1,13.261099815368652,13.350921630859375
0154647-O2,4.1209001541137695,3.2108206748962402
0289796-O9,5.613900184631348,5.475935459136963
0142004-Fe9,6.60099983215332,6.489212989807129
0167571-O9,3.0299999713897705,3.0837881565093994
0136293-O6,2.380000114440918,2.3296830654144287
0116531-Fe5,5.67710018157959,5.748024940490723
0110854-La2,13.874799728393555,13.814437866210938
0161406-Sr2,8.753199577331543,8.68747329711914
0109092-Al2,12.43589973449707,12.656634330749512
0011580-O1,3.734499931335449,3.8132410049438477
0153176-O11,3.2116000652313232,3.2390384674072266
0115470-O1,3.805000066757202,3.5181918144226074
0125741-Mn2,9.866700172424316,10.03383731842041
0010079-Sr1,7.702199935913086,7.811102867126465
0119208-O2,5.189199924468994,4.625952243804932
0110854-O1,6.263400077819824,6.237984657287598
0110733-O2,4.646900177001953,4.618959903717041
0184694-Mn1,10.895500183105469,10.523214340209961
0116531-O7,3.5174999237060547,3.5556836128234863
0009889-In1,9.10200023651123,9.232874870300293
0111567-O10,5.720699787139893,5.800739765167236
0011908-Mn1,5.222499847412109,5.419253826141357
0108190-Y3,11.924500465393066,12.142087936401367
0108933-O4,6.34689998626709,6.395514965057373
0109668-Y1,14.553899765014648,14.4519624710083
0111479-O2,5.39300012588501,5.451198577880859
0185165-O3,5.000999927520752,5.038118362426758
0170164-O6,2.4451000690460205,2.1564884185791016
0167571-O4,3.1821000576019287,3.2266390323638916
0012299-Fe1,5.243500232696533,5.1033430099487305
0185027-Ba28,6.426700115203857,6.605534553527832
0149894-O1,4.841700077056885,4.796565055847168
0135701-O4,2.78629994392395,2.741278886795044
icsd16404-La1,7.738500118255615,7.845451831817627
0169397-O1,2.6203999519348145,2.435880422592163
0167571-Fe8,5.999000072479248,5.841063022613525
0144307-Mg1,10.3503999710083,10.400920867919922
0111567-O13,5.587299823760986,5.580394268035889
0195961-O4,4.10129976272583,4.751553058624268
0108143-O4,6.140900135040283,6.428009510040283
0107847-O1,6.023900032043457,6.183966636657715
0110156-O4,3.990600109100342,4.021859169006348
0163417-O2,3.143399953842163,2.9554636478424072
0110270-O2,3.2737998962402344,3.557981252670288
0136334-Co2,2.5453999042510986,2.5610709190368652
0010549-O1,4.926799774169922,4.958282470703125
0108143-Ba2,9.513899803161621,9.497700691223145
0136261-Co1,3.9916000366210938,4.707190036773682
0115344-Ba3,8.244500160217285,8.493890762329102
0111567-O8,5.946599960327148,5.8617072105407715
0193122-Mn3,5.648099899291992,5.638519763946533
0185027-O35,3.339200019836426,3.2549386024475098
0290243-Sr1,9.219200134277344,9.438699722290039
0154647-O1,3.9649999141693115,3.865647792816162
0109710-O1,5.514100074768066,5.587000370025635
0111567-O1,5.976200103759766,6.120283603668213
0289796-O5,5.8171000480651855,5.767388343811035
0177189-Y1,10.524499893188477,10.206371307373047
0142004-O18,3.275399923324585,3.409935712814331
0009572-Al1,9.310999870300293,6.147039890289307
0167571-O18,3.4507999420166016,3.42120099067688
0111982-Sr1,7.9166998863220215,7.957949638366699
0169661-Ba2,7.94290018081665,7.535202980041504
0185027-Ba27,6.643899917602539,6.6426239013671875
0126619-La1,9.942700386047363,9.705270767211914
0109458-O2,5.561800003051758,5.453821659088135
0134600-O1,4.790900230407715,4.8848724365234375
0108689-Y1,10.899999618530273,14.258950233459473
0176585-O1,4.528800010681152,5.1151018142700195
0117717-O2,4.922699928283691,3.6262760162353516
0184694-O1,3.289599895477295,3.3099417686462402
0010541-Sr1,8.60890007019043,8.73321533203125
0188731-O2,4.223800182342529,4.038067817687988
0109770-In1,8.87559986114502,8.856441497802734
0194582-Mn1,5.242300033569336,5.117041110992432
0289949-Ce1,15.872300148010254,15.723212242126465
0141559-Ti1,8.676300048828125,8.591238975524902
0185027-O52,3.447999954223633,3.260671615600586
0009499-O2,5.51039981842041,5.392459392547607
0159759-O3,0.5224000215530396,0.6696186065673828
0185492-Ba2,8.555100440979004,8.369166374206543
0159784-Ti1,11.05150032043457,10.980384826660156
icsd427481-Ba1,7.048699855804443,3.4585235118865967
0108446-Y1,14.14229965209961,13.131662368774414
0171017-Sr2,7.665200233459473,7.535035133361816
0171017-Sr1,7.595200061798096,7.48930025100708
0146652-Mn2,8.590800285339355,8.591310501098633
0185027-Fe6,3.9042000770568848,3.970215320587158
0144940-Y1,12.593600273132324,12.628536224365234
0109458-Ba1,9.952099800109863,9.394970893859863
0289862-O1,6.406199932098389,6.55594539642334
0289691-Ba1,9.021100044250488,9.496374130249023
0116531-Fe6,6.042699813842773,5.800566673278809
0289618-O1,2.689300060272217,2.550800323486328
0117270-Mn2,3.747499942779541,3.856306314468384
0012370-O1,5.131800174713135,5.042358875274658
0136334-O6,2.81469988822937,2.7344610691070557
0010389-O1,4.275100231170654,4.266592025756836
0171017-O2,2.807300090789795,2.94840669631958
0167571-O6,3.518399953842163,3.3478403091430664
0147283-Mn4,9.290599822998047,9.097658157348633
0115344-O7,1.2223000526428223,1.1086483001708984
0290005-O1,6.044899940490723,6.247979164123535
0117270-O5,1.4804999828338623,2.004676103591919
0290130-Sr1,8.855400085449219,8.953627586364746
0111508-O2,6.53439998626709,6.7498345375061035
0111085-Ti2,14.646100044250488,14.231876373291016
0110156-O2,4.0503997802734375,4.1926445960998535
0107269-O6,6.296599864959717,6.292646884918213
0115344-O8,1.1015000343322754,1.0872912406921387
0111982-O4,6.657199859619141,6.709516525268555
0194582-O1,5.421899795532227,5.580540657043457
0010438-O1,4.43149995803833,4.418961524963379
0111085-La2,13.19890022277832,13.36564826965332
0112334-O3,5.878600120544434,6.068068027496338
0194582-Nb1,11.043499946594238,10.414204597473145
0126839-Mn1,9.086400032043457,8.764461517333984
0289796-O12,5.630000114440918,5.7783203125
0171017-O12,1.1119999885559082,1.280332088470459
0126437-Mg1,9.461999893188477,9.677719116210938
0109092-Y3,13.983099937438965,13.896600723266602
0185027-Ba2,6.559299945831299,6.587432861328125
0107702-O4,6.7006001472473145,6.801699638366699
0116531-Ba3,7.807499885559082,8.241886138916016
0169661-Co1,7.3125,4.594233512878418
0144307-Nb1,16.983299255371094,16.512086868286133
0177189-O2,4.303800106048584,4.360785484313965
0144940-O2,4.179699897766113,3.5345513820648193
0107269-O1,6.4141998291015625,6.542584419250488
0109668-O3,3.939300060272217,3.9375669956207275
0153176-O18,3.501300096511841,3.3587703704833984
0116531-Fe1,6.24459981918335,5.835101127624512
0290080-O1,5.662300109863281,5.728684902191162
0156399-Co1,2.4177000522613525,2.1376802921295166
0109458-Ti1,14.935199737548828,14.559144020080566
0185027-Ba5,6.470600128173828,6.465604305267334
0142004-O3,3.2139999866485596,3.41988205909729
0163417-Mn2,8.270400047302246,7.9598870277404785
0146652-Sr1,8.804200172424316,8.719326972961426
0110854-Ti1,15.01449966430664,15.005878448486328
0167571-O8,3.3733999729156494,3.4321787357330322
0153176-Fe1,4.996399879455566,5.0976152420043945
0120257-O5,5.249599933624268,5.367958068847656
0146652-O3,3.140500068664551,3.105377674102783
0185027-O30,3.119800090789795,3.335263729095459
0289862-Ce1,5.9145002365112305,5.943103790283203
0149894-O5,4.710999965667725,4.852031707763672
0167571-O13,3.554800033569336,3.317629814147949
0185027-O41,3.8977999687194824,3.748444080352783
0289663-Ba1,8.373200416564941,8.483696937561035
0179580-O1,2.1893999576568604,2.2845122814178467
0290243-O8,5.7291998863220215,5.781108379364014
0185027-O46,3.7286999225616455,3.6818976402282715
0185165-Ba1,4.594699859619141,4.563567638397217
0160074-O1,4.916299819946289,4.7784013748168945
0010375-Ti1,14.113699913024902,13.625730514526367
0136293-Co3,5.17140007019043,5.102958679199219
0159784-Fe1,2.340399980545044,2.2802934646606445
0009808-O1,3.5343000888824463,3.489226818084717
0185107-O3,1.6998000144958496,1.5887641906738281
0118499-Ca1,7.247099876403809,6.139330863952637
0151582-Al1,13.310799598693848,13.343159675598145
0136293-O8,2.33489990234375,2.35735821723938
0171017-Co2,5.203999996185303,4.991355895996094
0143474-Sr1,7.392600059509277,7.543731689453125
0179580-O2,5.594399929046631,4.956168174743652
0009494-Al1,12.739999771118164,11.432945251464844
0147283-Mn3,9.343600273132324,9.077194213867188
0109458-O1,5.8796000480651855,5.655350685119629
0153176-Fe10,2.7676000595092773,2.2115800380706787
0110156-O1,4.472599983215332,4.674922943115234
0289691-Ba3,9.074999809265137,8.903250694274902
0151582-O3,6.333799839019775,6.3200297355651855
0107702-Ca1,10.768699645996094,10.836280822753906
0126839-Sr2,9.614399909973145,9.567371368408203
0136334-La1,8.704299926757812,8.716299057006836
0185027-O36,3.211400032043457,3.2656662464141846
0174238-O1,4.3780999183654785,3.8322908878326416
0159759-Fe1,6.2052001953125,6.130122661590576
0147283-O13,3.0627999305725098,3.0936121940612793
0195961-Nb2,16.2460994720459,15.976505279541016
0159544-O1,0.9340000152587891,0.9574089050292969
0116531-Fe10,6.10830020904541,6.076717376708984
0179730-Sr4,6.17609977722168,6.347982406616211
0176178-O3,5.70389986038208,5.5341410636901855
0107269-Al6,12.729599952697754,13.067451477050781
0115344-O1,0.5393000245094299,0.6352639198303223
0009648-Co1,4.6458001136779785,4.584628105163574
0289729-Ca1,7.750400066375732,6.656693458557129
0108933-Al4,12.922300338745117,13.038745880126953
0289618-Ba1,9.2391996383667,8.940629005432129
0167571-Fe12,6.78439998626709,6.609439849853516
0185408-Mn1,5.119200229644775,5.165696620941162
0109710-O4,5.907800197601318,5.886068344116211
0011562-Fe2,5.556399822235107,5.413485050201416
0142004-Sr2,8.459799766540527,8.453071594238281
0179730-Sr3,6.6305999755859375,6.544122219085693
0143474-O1,3.686199903488159,3.788703441619873
0136334-O5,2.9001998901367188,2.7648839950561523
0179730-Mn1,5.075300216674805,5.076170921325684
0147283-O14,3.1187000274658203,3.097891330718994
0135701-Mn3,8.533100128173828,8.306655883789062
0191339-Fe1,2.650099992752075,2.6626338958740234
0155205-Co1,3.921299934387207,3.942267656326294
0009973-O1,6.888700008392334,6.966672420501709
0142004-Fe3,5.587100028991699,5.432214260101318
0142004-Fe14,5.767300128936768,5.411706924438477
0171017-O5,3.075000047683716,2.936581611633301
0167571-O28,3.5553998947143555,3.245391607284546
0111567-O6,5.790599822998047,5.891440391540527
0185205-O3,2.2623000144958496,2.2670392990112305
0290130-O2,5.10890007019043,5.167872905731201
0113386-O1,4.66540002822876,4.646409034729004
icsd16404-O2,5.960599899291992,6.032565593719482
0156399-O1,5.103899955749512,5.108124732971191
0188787-O1,4.576099872589111,4.581471920013428
0149894-Ni1,3.5936999320983887,3.688955783843994
0289885-O1,5.6118998527526855,6.062587261199951
0167571-Fe15,5.4274001121521,5.835606575012207
0112334-Ti1,15.099100112915039,15.13308334350586
0185027-O49,3.4560000896453857,3.490910768508911
0147283-Sr1,8.540599822998047,8.52318000793457
0146578-Mn2,8.80270004272461,8.68430233001709
0108699-O2,5.21120023727417,5.319807529449463
0146578-Mn1,8.408900260925293,8.620107650756836
0185027-O17,2.9763998985290527,3.209667682647705
0009499-Ni1,3.7620999813079834,3.706353187561035
0136665-O2,2.464600086212158,2.375918388366699
0185027-O29,3.143399953842163,3.350890636444092
0290130-O1,5.128600120544434,5.182704925537109
0153176-O23,3.660399913787842,3.3773562908172607
0194560-O2,5.034599781036377,4.7645649909973145
0112334-Y2,13.909500122070312,13.802581787109375
icsd427482-Ce2,4.928599834442139,6.038863182067871
0290243-Nb1,16.375099182128906,15.955840110778809
icsd16404-Co1,2.2058000564575195,2.4484808444976807
0108190-Ba1,6.7758002281188965,6.908896446228027
0136665-O3,2.409899950027466,2.3347110748291016
0167571-O10,2.781899929046631,3.09590744972229
0185408-O2,1.7120000123977661,1.894852638244629
0143474-Fe2,5.423699855804443,3.0600545406341553
0136293-O3,2.791300058364868,3.0163092613220215
0109458-Ti3,15.124899864196777,15.67065143585205
0010021-Ni1,3.24399995803833,4.010880947113037
0109092-Al1,12.562199592590332,12.748858451843262
0289838-Ce1,17.138200759887695,17.256454467773438
0185027-O48,3.5436999797821045,3.505122661590576
0147283-Sr4,9.101400375366211,8.909650802612305
0185205-Ba1,6.332900047302246,6.2121500968933105
0110733-La1,12.887800216674805,12.839658737182617
0109770-Ca1,9.831600189208984,9.869667053222656
0290243-O5,5.680200099945068,5.603348255157471
0185027-Ba17,6.710000038146973,6.778058052062988
0162642-O1,3.9579999446868896,4.102508544921875
0290080-Mg1,9.583200454711914,9.639983177185059
0136293-O11,0.3352999985218048,0.38653993606567383
0290062-Ti1,14.685700416564941,14.790660858154297
0116531-Ba1,7.8059000968933105,7.852717399597168
0133995-Nb1,16.643999099731445,16.507671356201172
0182299-Nb1,16.04669952392578,15.755043029785156
0185027-Fe4,3.7936999797821045,3.9607317447662354
0289862-O2,6.649499893188477,5.5698957443237305
0185027-O1,2.941800117492676,2.940403699874878
0107855-Ca2,8.732399940490723,8.950655937194824
0117270-Ba1,7.465000152587891,7.408196926116943
0108143-O1,6.184599876403809,6.405827045440674
0185027-Ba11,6.560699939727783,6.701770782470703
0290125-O2,5.321899890899658,5.320285797119141
0117270-O3,1.5426000356674194,1.511949062347412
0111982-Y2,12.470600128173828,12.730387687683105
0153176-Fe13,5.03849983215332,5.044057369232178
0153176-O16,3.3278000354766846,3.2968931198120117
0010021-O1,3.797300100326538,3.8627426624298096
0136665-Sr1,6.684000015258789,6.997466564178467
0185027-Fe20,3.9944000244140625,4.060499668121338
0109684-Ba2,7.881199836730957,7.918818473815918
0107269-O7,6.265600204467773,6.344765663146973
icsd427482-O1,6.89139986038208,6.813982009887695
0170164-Mn2,7.577899932861328,7.146345615386963
0120257-La2,8.273599624633789,8.272228240966797
0185027-Ba22,6.620699882507324,6.801784515380859
0117270-O4,1.5667999982833862,1.6988396644592285
0169441-Fe1,7.56879997253418,7.61525821685791
0009596-Ca1,8.426600456237793,8.428016662597656
0108699-O5,6.071599960327148,5.838510990142822
0133995-O2,5.478400230407715,5.302365303039551
0145133-Mn1,5.593699932098389,5.797027111053467
0193122-O3,2.8798999786376953,2.7000675201416016
0109458-O5,5.0833001136779785,5.585742950439453
0143825-Ti1,12.863100051879883,12.787019729614258
0193122-O4,2.99780011177063,2.9590647220611572
0009889-O1,3.7274999618530273,3.7651572227478027
0169661-Ba1,7.232999801635742,7.145811080932617
0185027-O27,3.151400089263916,3.3152084350585938
0147283-O8,3.028599977493286,3.0419762134552
0136261-Mn1,7.498899936676025,7.3030900955200195
0147238-Mn2,3.560499906539917,3.750394344329834
0147283-Sr3,9.09630012512207,8.929762840270996
0171017-Co1,4.304999828338623,4.706020832061768
0159544-Sr1,8.569100379943848,8.705867767333984
0009540-O1,6.994999885559082,6.989174842834473
0162642-Fe2,6.494999885559082,6.715084075927734
0153176-O3,3.057499885559082,3.0824756622314453
0116531-O4,3.4672000408172607,3.568488121032715
0167571-O15,3.5327000617980957,3.4059484004974365
0184694-Ba1,8.761899948120117,8.819217681884766
0011304-Mn1,5.494500160217285,5.499938011169434
0147283-O2,3.1034998893737793,3.0724334716796875
0136293-O9,0.28349998593330383,0.288541316986084
0142004-Fe17,5.678800106048584,5.526186466217041
0167571-Fe11,6.545499801635742,6.398799896240234
0185107-Co2,5.020400047302246,4.986783981323242
0290243-Sr4,10.246299743652344,10.197107315063477
0162339-O3,3.4098000526428223,3.590609073638916
0110289-In2,6.8892998695373535,7.0609636306762695
0185027-O53,3.2867000102996826,3.286867141723633
0149894-O4,4.973499774932861,4.876219749450684
0169661-O3,1.9810999631881714,2.039344549179077
0113386-Al1,11.223699569702148,11.278068542480469
0185165-O4,5.21999979019165,5.237953186035156
0108446-Al2,12.400500297546387,12.408161163330078
0167571-O27,3.1379001140594482,3.2268259525299072
0009859-In1,6.389900207519531,6.411531448364258
0146578-Sr2,8.758999824523926,8.686666488647461
0126619-O1,3.731100082397461,3.7281172275543213
0185107-Co3,5.083399772644043,5.102889060974121
0167571-Fe13,5.871300220489502,5.720943450927734
0108190-Ba2,6.747200012207031,6.9124627113342285
0136293-Co1,4.999499797821045,5.06961727142334
icsd427481-La2,11.55720043182373,11.137609481811523
0115470-Ba2,8.55090045928955,8.499162673950195
0185027-Ba6,6.855100154876709,6.462479591369629
0108321-O3,6.424900054931641,6.331800937652588
0116531-O5,3.297100067138672,3.5095200538635254
0117717-O1,4.02869987487793,2.864579677581787
0185205-O2,2.847899913787842,2.6275041103363037
0108143-O6,6.132500171661377,6.1006245613098145
0147283-O5,2.9128000736236572,2.799136161804199
0124041-O2,4.124100208282471,4.164230823516846
0185492-Ba1,8.422200202941895,8.554412841796875
0290243-O12,5.595799922943115,5.551401138305664
0116531-O10,3.7311999797821045,3.579244613647461
0161406-Sr1,8.346799850463867,8.469109535217285
0111567-Ti2,14.484999656677246,14.328654289245605
0290005-Mg1,9.379599571228027,9.497129440307617
0009931-Mg1,9.588600158691406,9.449088096618652
0147238-O2,5.656499862670898,5.584222316741943
0289774-O1,5.706099987030029,5.6327996253967285
0135701-Mn1,8.645099639892578,8.28605842590332
0170357-Nb1,10.99269962310791,10.662189483642578
0009491-O1,6.2195000648498535,6.774747371673584
0185027-O66,3.259399890899658,3.3431484699249268
0289796-O11,5.901299953460693,5.9508819580078125
0109092-O3,6.705900192260742,6.313991546630859
0289691-Ba2,9.355199813842773,9.376116752624512
0167571-Fe1,5.955900192260742,5.898545742034912
0156399-O2,5.40310001373291,5.448718070983887
0153176-O24,3.6338000297546387,3.378783702850342
0162339-Sr1,7.311699867248535,7.410045146942139
0185107-O4,1.5741000175476074,1.820044994354248
0185027-Fe17,3.8526999950408936,4.157189846038818
0185027-Ba8,6.438499927520752,6.4731364250183105
0012201-Fe1,5.564199924468994,1.961409091949463
0135701-Ba1,8.607600212097168,8.622210502624512
0144307-O2,5.797599792480469,5.617226600646973
0290080-Ti1,15.479999542236328,15.401116371154785
0167571-O14,3.501699924468994,3.298088550567627
0162339-O4,3.310800075531006,3.5934219360351562
0185027-O43,3.709700107574463,3.6979596614837646
0136334-O9,2.4419000148773193,2.6785271167755127
0167571-O25,3.1846001148223877,3.0931575298309326
0156399-La1,8.227999687194824,8.272680282592773
0162339-Fe1,4.613100051879883,4.387587547302246
0107855-Al1,13.036399841308594,13.164483070373535
0195961-O8,4.657599925994873,4.570998191833496
0117270-Mn5,4.752099990844727,4.657641887664795
0009944-O1,3.605799913406372,3.6848654747009277
0010528-Co1,3.438800096511841,3.5413548946380615
0108190-Y1,11.932499885559082,12.060953140258789
0185107-O2,1.6793999671936035,1.642406940460205
0142004-O25,3.1440000534057617,3.248753070831299
0289691-Nb2,16.186500549316406,15.773051261901855
0188787-O2,4.545100212097168,4.659246444702148
0153176-Fe14,5.0081000328063965,5.010487079620361
0191847-Fe1,2.6768999099731445,2.803140640258789
0142463-Sr1,7.496099948883057,7.94464635848999
0179730-O3,3.9846999645233154,3.8605575561523438
0109333-O2,5.448500156402588,5.360315799713135
0108143-Ba1,9.513400077819824,9.192275047302246
0142463-O1,1.98580002784729,2.3992347717285156
0151582-O4,5.603400230407715,5.8415446281433105
0184694-Ba2,7.414400100708008,8.571338653564453
0117270-O1,1.8772000074386597,1.7438158988952637
0146652-O4,2.463099956512451,2.4967620372772217
0185027-Ba26,6.17080020904541,6.685704231262207
0111567-O12,6.1468000411987305,6.087339878082275
0113386-O5,3.3083999156951904,3.5980324745178223
0153176-O12,3.198199987411499,3.311767339706421
0109092-O5,6.332200050354004,6.329272270202637
0136334-O1,4.367599964141846,4.320866584777832
0185027-O70,2.726900100708008,2.978407144546509
0162339-Fe4,4.174300193786621,4.343325614929199
0120257-O4,4.973999977111816,5.004859924316406
0147283-Sr6,8.338600158691406,8.489535331726074
0177189-O1,4.3470001220703125,4.2297163009643555
icsd16404-O1,4.968500137329102,4.8226237297058105
0185492-O3,2.5039000511169434,2.686161994934082
0135701-Mn2,8.481599807739258,8.176523208618164
0171017-O8,1.7102999687194824,1.98760986328125
0289885-O2,5.883999824523926,5.7926249504089355
0153176-O26,3.2711000442504883,3.389674425125122
0184694-O2,3.250200033187866,3.011552095413208
0185492-Mn2,8.677499771118164,8.523343086242676
0178128-O2,2.73580002784729,2.359020709991455
0185027-Ba1,6.6956000328063965,6.581817150115967
0107269-O10,6.320899963378906,6.278960227966309
0109458-O8,5.05049991607666,5.538325309753418
0179730-O6,4.169000148773193,4.14631986618042
0167571-O11,3.2083001136779785,3.110172986984253
0115470-Fe1,6.559599876403809,6.223863124847412
0136293-Sr4,8.344300270080566,8.601175308227539
0107855-O6,6.262599945068359,6.332219123840332
0145133-O3,3.50819993019104,2.7358264923095703
0142004-O2,3.1421000957489014,3.231039524078369
0124041-Fe1,2.8784000873565674,2.3204283714294434
0185027-O54,3.3636999130249023,3.265132188796997
0179580-Y1,13.361700057983398,13.181326866149902
0111567-La4,14.21619987487793,14.384271621704102
icsd427481-O1,6.525199890136719,6.653467178344727
0289876-O2,3.8986001014709473,3.872147560119629
0289934-La1,12.759900093078613,7.52165412902832
0176585-In1,9.530599594116211,9.614564895629883
0108190-Y4,12.597599983215332,12.541854858398438
0167571-Fe18,5.974400043487549,5.782774925231934
0009594-Ba1,6.46120023727417,6.770932197570801
0119208-O3,5.740600109100342,5.734379768371582
0185027-O25,3.1349000930786133,3.226017951965332
0142004-O21,3.2641000747680664,3.159918785095215
0109458-O3,5.453999996185303,5.607641220092773
0108190-Ba3,7.805099964141846,7.882421016693115
0147283-Mn2,9.350600242614746,9.108585357666016
0185027-Fe19,4.069399833679199,4.234757900238037
0185027-O64,3.3173999786376953,3.3395962715148926
0107269-Al5,13.131400108337402,13.058460235595703
0185027-O55,3.1686999797821045,3.321875810623169
0113386-O6,5.950399875640869,5.714132785797119
0135701-Ba3,8.70740032196045,8.483611106872559
0126437-O2,6.276700019836426,6.262516975402832
0012299-Co1,4.119100093841553,4.029097557067871
0116531-O8,3.2532999515533447,3.5298335552215576
0185027-O3,3.4347000122070312,3.314363956451416
0171017-O11,1.1026999950408936,1.481855869293213
0136665-Sr2,6.743800163269043,7.015442848205566
0290243-O9,5.479300022125244,5.5758957862854
0289796-Ca4,10.36929988861084,9.512907981872559
0011580-Ni1,3.26200008392334,3.2112369537353516
0145761-O1,5.341000080108643,4.885186195373535
0185027-O31,3.706199884414673,3.623976707458496
0167571-Fe6,5.811600208282471,5.847736358642578
0289591-O1,6.191100120544434,6.022845268249512
0193429-O2,2.534899950027466,2.6282265186309814
0111085-O1,5.887899875640869,5.767229080200195
0185107-O1,1.4104000329971313,1.382171630859375
0167571-O19,3.38919997215271,3.3574390411376953
0110854-O5,5.999199867248535,6.215438365936279
0153176-O20,3.6340999603271484,3.437215805053711
0107855-O9,6.376500129699707,6.349630355834961
0185027-Ba10,6.642499923706055,6.783515453338623
0136293-Co4,4.863500118255615,4.964742660522461
0108699-Ti2,15.222599983215332,15.056185722351074
0153176-Fe12,2.7588999271392822,2.2053637504577637
0110270-O3,3.8089001178741455,3.287334680557251
0136334-O4,3.871799945831299,3.9289090633392334
0290206-O1,5.510700225830078,5.651009559631348
0009576-Al1,12.368800163269043,12.421201705932617
0185492-Mn1,8.807900428771973,8.579320907592773
0153176-O7,3.117500066757202,3.246586561203003
0290243-Nb4,13.908699989318848,13.390284538269043
0108427-Sr1,10.588700294494629,10.525665283203125
0153176-Fe6,3.1428000926971436,2.976191997528076
0290243-O7,5.233399868011475,5.527345180511475
0142004-O8,3.3197999000549316,3.3691701889038086
0153176-Fe5,4.019599914550781,3.5124332904815674
0107855-Al4,12.745699882507324,12.884876251220703
0107269-Al1,12.711199760437012,13.108280181884766
0289838-O1,3.5104000568389893,4.215700626373291
0153176-O15,3.420799970626831,3.3614025115966797
0108699-O4,5.35890007019043,5.454165458679199
0289885-Nb1,16.208799362182617,15.961934089660645
0011671-O1,2.085900068283081,2.0840179920196533
0109684-In1,6.941999912261963,7.079962730407715
0167571-O2,3.1798999309539795,3.2343060970306396
0142004-O26,3.4277000427246094,3.1549503803253174
0110156-O5,4.720300197601318,4.5531721115112305
0169441-O1,2.203700065612793,2.3518905639648438
0009499-Al1,9.585100173950195,11.2379150390625
0185107-Ba1,8.862199783325195,8.881769180297852
0147283-Sr7,8.387399673461914,8.463268280029297
0011908-O1,3.5390000343322754,3.408898115158081
0195961-O1,4.623799800872803,4.629688262939453
0011752-Ni1,3.5078001022338867,3.501433849334717
0108143-O2,6.148399829864502,6.4209184646606445
0111508-La1,12.154999732971191,12.255300521850586
0118499-O1,2.3136000633239746,2.379826545715332
0185027-O11,3.3856000900268555,3.4574201107025146
0110854-O2,6.053500175476074,6.1105523109436035
0111085-O2,5.7683000564575195,5.886645317077637
0136334-O3,4.105299949645996,3.929786443710327
0009859-Mn1,6.263700008392334,6.111528396606445
0185027-Ba16,6.939300060272217,6.94468355178833
0149539-Ni1,4.418399810791016,4.257331848144531
0126619-O2,4.033999919891357,4.222806930541992
0107855-O7,6.139900207519531,6.133538246154785
0117270-Mn4,4.86899995803833,4.556584358215332
0116531-O18,3.3608999252319336,3.439518690109253
0115344-Ba1,8.502300262451172,8.514799118041992
0115470-Ba1,9.028400421142578,8.970760345458984
0170164-O5,3.0643999576568604,2.9377644062042236
0108927-O2,6.587299823760986,6.694960117340088
0167571-Fe10,6.8069000244140625,6.716695785522461
0107855-O3,6.350200176239014,6.516138553619385
0108699-Ba1,9.116399765014648,8.969825744628906
0010079-O1,6.570700168609619,4.586859703063965
0111316-In2,8.011799812316895,8.25458812713623
0153176-O25,3.6445999145507812,3.381195306777954
0119208-Co1,4.617000102996826,4.509947776794434
0136334-La4,8.688199996948242,8.695446014404297
0289591-Al1,6.950900077819824,6.820198059082031
0110733-In1,8.313899993896484,5.22280740737915
0171017-O6,2.9495999813079834,2.954181671142578
0011671-Mn1,9.521599769592285,9.39187240600586
0178128-Mn2,6.454599857330322,6.0463056564331055
0011233-O1,4.173600196838379,4.0924177169799805
0136293-O5,2.8475000858306885,2.8268826007843018
0011911-O1,3.8945000171661377,3.845743417739868
0174252-Fe1,7.1255998611450195,7.109222888946533
0195961-O10,5.087200164794922,5.215600967407227
0179730-O4,4.054900169372559,4.027096748352051
0109668-Y2,14.413100242614746,14.354286193847656
0162339-O10,3.2885000705718994,3.130554437637329
0141559-O3,5.4664998054504395,5.351696014404297
0112334-O5,5.6579999923706055,5.739299297332764
0162339-Sr4,7.143099784851074,7.3494696617126465
0143825-O2,3.380199909210205,3.788558006286621
0108427-O1,6.160099983215332,6.3971757888793945
0147283-Mn1,9.274800300598145,9.077310562133789
0171017-O15,0.6908000111579895,0.9354043006896973
0170164-O1,2.2039999961853027,2.3282861709594727
0289614-O2,5.078999996185303,5.08956241607666
0195961-O6,4.853300094604492,5.069438934326172
0116531-Ba4,8.58080005645752,8.328632354736328
0185027-O39,3.875200033187866,3.7325499057769775
0107855-O4,6.527200222015381,6.662739276885986
0149894-O2,4.991099834442139,4.931448459625244
0011233-Mg1,6.783599853515625,3.286156415939331
0170770-Fe1,2.097399950027466,2.105215072631836
0142004-Fe8,6.011499881744385,5.610904216766357
0136334-Co3,2.8148000240325928,3.186924457550049
0136293-O1,2.4788999557495117,2.918060302734375
0290062-Mg1,9.34280014038086,9.24892807006836
0142004-Fe11,6.996699810028076,6.612490653991699
0124041-Sr2,5.462200164794922,5.528408050537109
0107847-O3,6.698800086975098,6.2007246017456055
0136734-Co1,4.055099964141846,4.1357221603393555
0009648-Co2,5.078499794006348,4.94583797454834
0185027-O34,3.6461000442504883,3.6330409049987793
0171017-Sr6,7.738999843597412,7.723804473876953
0012072-Ni1,4.703199863433838,4.576337814331055
0170164-O4,3.6221001148223877,3.4158871173858643
0185165-O1,5.672900199890137,4.939309597015381
0108190-Y2,12.546899795532227,12.41321086883545
0185027-O44,3.5204999446868896,3.5696635246276855
0167571-O16,3.418800115585327,3.3592114448547363
0116531-O22,3.396399974822998,3.5539627075195312
0116531-O16,3.2769999504089355,3.3200225830078125
0171017-O7,1.6965999603271484,1.7064127922058105
0163417-O3,2.275899887084961,2.4326658248901367
0110270-O1,4.03879976272583,4.162052154541016
0193359-Ni1,2.500200033187866,2.523711681365967
0185027-O13,3.3173999786376953,3.3666443824768066
0136334-La3,8.737000465393066,8.698225021362305
0290080-O2,5.509900093078613,5.54388952255249
0111542-La2,13.394100189208984,13.384666442871094
0290062-O1,6.2144999504089355,6.204330921173096
0162339-O13,3.171299934387207,3.034527540206909
0110156-In1,8.483699798583984,8.688980102539062
0009944-O2,3.4804999828338623,3.7251946926116943
icsd427482-O4,6.563499927520752,6.782926559448242
0176178-Nb1,8.216400146484375,7.9217023849487305
0110289-Ba1,8.211700439453125,8.232218742370605
0108190-O1,6.329599857330322,6.275952339172363
0126437-O1,5.712600231170654,6.16602087020874
0112334-O4,6.124599933624268,6.110461235046387
0185205-Fe1,6.598899841308594,6.524909973144531
0185027-Fe8,4.033599853515625,3.958709716796875
0154647-Ni1,3.3991000652313232,3.387519359588623
0193429-Sr2,8.338299751281738,8.472686767578125
0120257-Co1,2.547800064086914,2.4730234146118164
0142463-Fe1,6.121200084686279,6.163322448730469
0289774-Ti1,15.187100410461426,14.882765769958496
0108933-O5,6.263000011444092,6.434113502502441
0133995-O3,5.374199867248535,5.310659408569336
0176585-Nb1,17.215599060058594,16.91461753845215
0185027-O57,3.3459999561309814,3.298426389694214
0163417-La1,13.055399894714355,12.83377742767334
0179730-Mn2,5.442399978637695,5.018243789672852
0111567-La1,13.396599769592285,13.371955871582031
0170770-O1,5.36299991607666,5.443023681640625
0290102-Nb1,17.1028995513916,16.829425811767578
0153176-O13,3.1672000885009766,3.339611768722534
0290125-O1,5.859799861907959,4.428030014038086
0290243-O10,5.547100067138672,5.580201148986816
0110289-O1,3.831899881362915,3.788137674331665
0162339-O12,2.5880000591278076,3.0769553184509277
0126437-Mg2,8.82979965209961,8.989043235778809
0147283-O6,2.7648000717163086,2.824997901916504
0136334-O8,2.6891000270843506,2.6561689376831055
0153176-O14,3.3178999423980713,3.305253028869629
0142004-O13,3.3887999057769775,3.3634564876556396
0162339-Fe5,4.658100128173828,4.627394199371338
0142004-O22,3.0088999271392822,3.2303977012634277
0171017-O13,0.9632999897003174,0.9964718818664551
0155087-O2,3.323899984359741,3.3098390102386475
0126839-O4,1.902500033378601,2.0934858322143555
0009921-O1,4.052000045776367,4.175710678100586
0111567-O4,5.706200122833252,5.920035362243652
0108933-O2,6.243199825286865,6.456658363342285
0115470-O2,3.6714000701904297,3.507230758666992
0147283-O1,3.251699924468994,3.0290732383728027
0167571-Fe7,6.132500171661377,5.608183860778809
0146652-Sr2,8.83590030670166,8.951465606689453
0194281-Sr1,8.815400123596191,8.509464263916016
0126839-O2,2.6972999572753906,2.1774115562438965
0145133-O2,3.240799903869629,2.6554996967315674
0107855-O8,6.114299774169922,6.309863090515137
0194281-O2,2.646699905395508,2.6102800369262695
0109458-Ti2,14.378999710083008,14.02464485168457
0171017-O4,2.9465999603271484,2.9548532962799072
0289934-O2,6.704899787902832,6.019413948059082
0185027-O62,3.4560000896453857,3.5637259483337402
0185027-Fe23,4.700900077819824,4.566039562225342
0185027-Fe3,4.191699981689453,4.039471626281738
0185027-O14,3.174499988555908,3.3978466987609863
0011562-O1,3.704400062561035,3.5480265617370605
0179730-Sr2,6.843999862670898,6.786582946777344
0143474-O2,3.694999933242798,3.8219075202941895
0109333-Ba1,9.94950008392334,9.948925971984863
0170770-Ca1,5.555200099945068,5.602510452270508
0108689-Al1,7.64109992980957,7.7314982414245605
0290206-Ti1,14.593899726867676,14.929439544677734
0112035-Ti1,15.16450023651123,15.137727737426758
0167571-Fe14,6.356400012969971,5.687994003295898
0108143-Al1,13.075200080871582,13.165034294128418
0118499-O3,2.3538999557495117,2.339616537094116
0108933-Al1,12.989500045776367,13.150934219360352
0153176-Fe8,4.322400093078613,4.1623029708862305
0009648-O1,4.120100021362305,3.9171864986419678
0111316-O4,4.34689998626709,4.246727466583252
0185165-Ba2,4.464900016784668,5.160419940948486
0109333-O3,5.8221001625061035,5.705229759216309
0185027-O23,3.275399923324585,3.226433277130127
0194281-O1,1.8798999786376953,2.374675989151001
0117270-Mn6,4.895699977874756,4.844510078430176
0153176-Fe7,3.3331000804901123,2.98207426071167
0011752-Mn1,6.118500232696533,6.118757724761963
0011911-Mg1,8.754400253295898,8.595577239990234
0159759-O2,1.6842000484466553,2.0560319423675537
0111567-La2,13.267200469970703,13.371503829956055
0163417-O1,3.6029000282287598,3.313725233078003
0185205-Ba2,6.85830020904541,7.0784077644348145
0187243-O1,1.7236000299453735,1.8703851699829102
0108427-O2,6.372600078582764,6.313150882720947
0141559-O2,5.414000034332275,5.374416828155518
0108927-O1,6.56879997253418,6.631749153137207
0108427-O4,6.731100082397461,6.9975690841674805
icsd427481-O4,6.509099960327148,6.632030010223389
0185027-O60,3.612799882888794,3.56318736076355
0155087-O3,3.933799982070923,3.7350080013275146
0107269-O12,6.281700134277344,6.356148719787598
0193122-La1,10.01259994506836,9.865842819213867
0108699-Ti1,14.44909954071045,14.464456558227539
0109333-O5,5.5756001472473145,5.601445198059082
0162339-Fe3,4.75540018081665,4.447444915771484
0176178-O1,5.294899940490723,5.057126522064209
0011562-O2,3.6120998859405518,3.582848072052002
0117270-O9,2.524199962615967,1.9828310012817383
0167571-O20,3.500699996948242,3.396907091140747
0145133-O1,3.1619999408721924,2.4905829429626465
0111542-O1,6.500699996948242,6.070193767547607
0111567-O2,5.710000038146973,5.866580486297607
0195961-Nb4,17.215099334716797,17.09707260131836
0115344-O9,1.211899995803833,0.9741191864013672
0109092-O1,6.171299934387207,6.198695182800293
0145761-Ti1,7.825900077819824,7.52133846282959
0119208-O1,6.025000095367432,5.664958477020264
0115344-O10,0.8996000289916992,1.1133580207824707
0107269-O11,6.373899936676025,6.317834854125977
0171017-O14,1.1239999532699585,0.9950814247131348
0136293-O12,0.3052000105381012,0.30757904052734375
0171017-Sr4,7.5879998207092285,7.5963850021362305
0193122-Mn2,5.743000030517578,5.793741226196289
0109092-O9,5.792900085449219,6.3269944190979
0133995-O1,5.200300216674805,5.25289249420166
0009684-Fe1,0.9293000102043152,4.191816329956055
icsd427482-O3,6.682799816131592,6.752043724060059
0136334-Co1,2.601599931716919,2.612502098083496
0194560-O1,5.260900020599365,5.444606781005859
0167571-Fe2,6.011899948120117,5.955699920654297
0117270-Mn3,4.717400074005127,4.693582057952881
0107269-O3,6.326300144195557,6.246236801147461
0185027-Ba12,6.61329984664917,6.760323524475098
0290243-O3,5.52269983291626,5.6200995445251465
0109710-Ca1,9.332900047302246,9.437826156616211
0289796-O10,5.429900169372559,5.5012102127075195
0109458-O4,5.572999954223633,5.679521560668945
0116531-Fe4,5.3942999839782715,5.713463306427002
0193359-O2,5.640699863433838,5.772369861602783
0010528-O1,4.343400001525879,4.273610591888428
0108143-O3,6.184899806976318,6.472031593322754
0182355-Ba1,5.198699951171875,5.15670919418335
0135701-O6,2.404099941253662,2.446204900741577
0109092-O7,6.169600009918213,6.291477203369141
0182299-Sr3,8.753199577331543,8.760351181030273
0153176-O27,3.235300064086914,3.380519151687622
0289729-O1,3.5518999099731445,3.630094528198242
0193359-La1,8.542499542236328,7.801254749298096
0153176-Ba1,8.435999870300293,8.56236457824707
0185027-O68,2.816699981689453,2.9549317359924316
0125667-Mn1,9.965800285339355,10.082099914550781
0289874-La1,12.069000244140625,12.038799285888672
0009576-O1,6.994999885559082,6.989170074462891
0153176-O10,3.4077999591827393,3.4420204162597656
0116531-O21,3.5861001014709473,3.6077988147735596
